pokedex_number,name,type1,type2,abilities,attack,base_happiness,base_total,capture_rate,defense,height_m,hp,percentage_male,sp_attack,sp_defense,speed,weight_kg,generation,is_legendary
1,Bulbasaur,grass,poison,['Overgrow'; 'Chlorophyll'],49,70,318,45,49,0.7,45,88.1,65,65,45,6.9,1,0
2,Ivysaur,grass,poison,['Overgrow'; 'Chlorophyll'],62,70,405,45,63,1,60,88.1,80,80,60,13,1,0
3,Venusaur,grass,poison,['Overgrow'; 'Chlorophyll'],100,70,625,45,123,2,80,88.1,122,120,80,100,1,0
4,Charmander,fire,,['Blaze'; 'Solar Power'],52,70,309,45,43,0.6,39,88.1,60,50,65,8.5,1,0
5,Charmeleon,fire,,['Blaze'; 'Solar Power'],64,70,405,45,58,1.1,58,88.1,80,65,80,19,1,0
6,Charizard,fire,flying,['Blaze'; 'Solar Power'],104,70,634,45,78,1.7,78,88.1,159,115,100,90.5,1,0
7,Squirtle,water,,['Torrent'; 'Rain Dish'],48,70,314,45,65,0.5,44,88.1,50,64,43,9,1,0
8,Wartortle,water,,['Torrent'; 'Rain Dish'],63,70,405,45,80,1,59,88.1,65,80,58,22.5,1,0
9,Blastoise,water,,['Torrent'; 'Rain Dish'],103,70,630,45,120,1.6,79,88.1,135,115,78,85.5,1,0
10,Caterpie,bug,,['Shield Dust'; 'Run Away'],30,70,195,255,35,0.3,45,50,20,20,45,2.9,1,0
11,Metapod,bug,,['Shed Skin'],20,70,205,120,55,0.7,50,50,25,25,30,9.9,1,0
12,Butterfree,bug,flying,['Compoundeyes'; 'Tinted Lens'],45,70,395,45,50,1.1,60,50,90,80,70,32,1,0
13,Weedle,bug,poison,['Shield Dust'; 'Run Away'],35,70,195,255,30,0.3,40,50,20,20,50,3.2,1,0
14,Kakuna,bug,poison,['Shed Skin'],25,70,205,120,50,0.6,45,50,25,25,35,10,1,0
15,Beedrill,bug,poison,['Swarm'; 'Sniper'],150,70,495,45,40,1,65,50,15,80,145,29.5,1,0
16,Pidgey,normal,flying,['Keen Eye'; 'Tangled Feet'; 'Big Pecks'],45,70,251,255,40,0.3,40,50,35,35,56,1.8,1,0
17,Pidgeotto,normal,flying,['Keen Eye'; 'Tangled Feet'; 'Big Pecks'],60,70,349,120,55,1.1,63,50,50,50,71,30,1,0
18,Pidgeot,normal,flying,['Keen Eye'; 'Tangled Feet'; 'Big Pecks'],80,70,579,45,80,1.5,83,50,135,80,121,39.5,1,0
19,Rattata,normal,dark,['Run Away'; 'Guts'; 'Hustle'; 'Gluttony'; 'Hustle'; 'Thick Fat'],56,70,253,255,35,,30,50,25,35,72,,1,0
20,Raticate,normal,dark,['Run Away'; 'Guts'; 'Hustle'; 'Gluttony'; 'Hustle'; 'Thick Fat'],71,70,413,127,70,,75,50,40,80,77,,1,0
21,Spearow,normal,flying,['Keen Eye'; 'Sniper'],60,70,262,255,30,0.3,40,50,31,31,70,2,1,0
22,Fearow,normal,flying,['Keen Eye'; 'Sniper'],90,70,442,90,65,1.2,65,50,61,61,100,38,1,0
23,Ekans,poison,,['Intimidate'; 'Shed Skin'; 'Unnerve'],60,70,288,255,44,2,35,50,40,54,55,6.9,1,0
24,Arbok,poison,,['Intimidate'; 'Shed Skin'; 'Unnerve'],95,70,448,90,69,3.5,60,50,65,79,80,65,1,0
25,Pikachu,electric,,['Static'; 'Lightningrod'],55,70,320,190,40,0.4,35,50,50,50,90,6,1,0
26,Raichu,electric,,['Static'; 'Lightningrod'; 'Surge Surfer'],85,70,485,75,50,,60,50,95,85,110,,1,0
27,Sandshrew,ground,ice,['Sand Veil'; 'Sand Rush'; 'Snow Cloak'; 'Slush Rush'],75,70,300,255,90,,50,50,10,35,40,,1,0
28,Sandslash,ground,ice,['Sand Veil'; 'Sand Rush'; 'Snow Cloak'; 'Slush Rush'],100,70,450,90,120,,75,50,25,65,65,,1,0
29,Nidoran♀,poison,,['Poison Point'; 'Rivalry'; 'Hustle'],47,70,275,235,52,0.4,55,0,40,40,41,7,1,0
30,Nidorina,poison,,['Poison Point'; 'Rivalry'; 'Hustle'],62,70,365,120,67,0.8,70,0,55,55,56,20,1,0
31,Nidoqueen,poison,ground,['Poison Point'; 'Rivalry'; 'Sheer Force'],92,70,505,45,87,1.3,90,0,75,85,76,60,1,0
32,Nidoran♂,poison,,['Poison Point'; 'Rivalry'; 'Hustle'],57,70,273,235,40,0.5,46,100,40,40,50,9,1,0
33,Nidorino,poison,,['Poison Point'; 'Rivalry'; 'Hustle'],72,70,365,120,57,0.9,61,100,55,55,65,19.5,1,0
34,Nidoking,poison,ground,['Poison Point'; 'Rivalry'; 'Sheer Force'],102,70,505,45,77,1.4,81,100,85,75,85,62,1,0
35,Clefairy,fairy,,['Cute Charm'; 'Magic Guard'; 'Friend Guard'],45,140,323,150,48,0.6,70,24.6,60,65,35,7.5,1,0
36,Clefable,fairy,,['Cute Charm'; 'Magic Guard'; 'Unaware'],70,140,483,25,73,1.3,95,24.6,95,90,60,40,1,0
37,Vulpix,fire,ice,['Flash Fire'; 'Drought'; 'Snow Cloak'; 'Snow Warning'],41,70,299,190,40,,38,24.6,50,65,65,,1,0
38,Ninetales,fire,ice,['Flash Fire'; 'Drought'; 'Snow Cloak'; 'Snow Warning'],67,70,505,75,75,,73,24.6,81,100,109,,1,0
39,Jigglypuff,normal,fairy,['Cute Charm'; 'Competitive'; 'Friend Guard'],45,70,270,170,20,0.5,115,24.6,45,25,20,5.5,1,0
40,Wigglytuff,normal,fairy,['Cute Charm'; 'Competitive'; 'Frisk'],70,70,435,50,45,1,140,24.6,85,50,45,12,1,0
41,Zubat,poison,flying,['Inner Focus'; 'Infiltrator'],45,70,245,255,35,0.8,40,50,30,40,55,7.5,1,0
42,Golbat,poison,flying,['Inner Focus'; 'Infiltrator'],80,70,455,90,70,1.6,75,50,65,75,90,55,1,0
43,Oddish,grass,poison,['Chlorophyll'; 'Run Away'],50,70,320,255,55,0.5,45,50,75,65,30,5.4,1,0
44,Gloom,grass,poison,['Chlorophyll'; 'Stench'],65,70,395,120,70,0.8,60,50,85,75,40,8.6,1,0
45,Vileplume,grass,poison,['Chlorophyll'; 'Effect Spore'],80,70,490,45,85,1.2,75,50,110,90,50,18.6,1,0
46,Paras,bug,grass,['Effect Spore'; 'Dry Skin'; 'Damp'],70,70,285,190,55,0.3,35,50,45,55,25,5.4,1,0
47,Parasect,bug,grass,['Effect Spore'; 'Dry Skin'; 'Damp'],95,70,405,75,80,1,60,50,60,80,30,29.5,1,0
48,Venonat,bug,poison,['Compoundeyes'; 'Tinted Lens'; 'Run Away'],55,70,305,190,50,1,60,50,40,55,45,30,1,0
49,Venomoth,bug,poison,['Shield Dust'; 'Tinted Lens'; 'Wonder Skin '],65,70,450,75,60,1.5,70,50,90,75,90,12.5,1,0
50,Diglett,ground,ground,['Sand Veil'; 'Arena Trap'; 'Sand Force'; 'Sand Veil'; 'Tangling Hair'; 'Sand Force'],55,70,265,255,30,,10,50,35,45,90,,1,0
51,Dugtrio,ground,ground,['Sand Veil'; 'Arena Trap'; 'Sand Force'; 'Sand Veil'; 'Tangling Hair'; 'Sand Force'],100,70,425,50,60,,35,50,50,70,110,,1,0
52,Meowth,normal,dark,['Pickup'; 'Technician'; 'Unnerve'; 'Pickup'; 'Technician'; 'Rattled'],35,70,290,255,35,,40,50,50,40,90,,1,0
53,Persian,normal,dark,['Limber'; 'Technician'; 'Unnerve'; 'Fur Coat'; 'Technician'; 'Rattled'],60,70,440,90,60,,65,50,75,65,115,,1,0
54,Psyduck,water,,['Damp'; 'Cloud Nine'; 'Swift Swim'],52,70,320,190,48,0.8,50,50,65,50,55,19.6,1,0
55,Golduck,water,,['Damp'; 'Cloud Nine'; 'Swift Swim'],82,70,500,75,78,1.7,80,50,95,80,85,76.6,1,0
56,Mankey,fighting,,['Vital Spirit'; 'Anger Point'; 'Defiant'],80,70,305,190,35,0.5,40,50,35,45,70,28,1,0
57,Primeape,fighting,,['Vital Spirit'; 'Anger Point'; 'Defiant'],105,70,455,75,60,1,65,50,60,70,95,32,1,0
58,Growlithe,fire,,['Intimidate'; 'Flash Fire'; 'Justified'],70,70,350,190,45,0.7,55,75.4,70,50,60,19,1,0
59,Arcanine,fire,,['Intimidate'; 'Flash Fire'; 'Justified'],110,70,555,75,80,1.9,90,75.4,100,80,95,155,1,0
60,Poliwag,water,,['Water Absorb'; 'Damp'; 'Swift Swim'],50,70,300,255,40,0.6,40,50,40,40,90,12.4,1,0
61,Poliwhirl,water,,['Water Absorb'; 'Damp'; 'Swift Swim'],65,70,385,120,65,1,65,50,50,50,90,20,1,0
62,Poliwrath,water,fighting,['Water Absorb'; 'Damp'; 'Swift Swim'],95,70,510,45,95,1.3,90,50,70,90,70,54,1,0
63,Abra,psychic,,['Synchronize'; 'Inner Focus'; 'Magic Guard'],20,70,310,200,15,0.9,25,75.4,105,55,90,19.5,1,0
64,Kadabra,psychic,,['Synchronize'; 'Inner Focus'; 'Magic Guard'],35,70,400,100,30,1.3,40,75.4,120,70,105,56.5,1,0
65,Alakazam,psychic,,['Synchronize'; 'Inner Focus'; 'Magic Guard'],50,70,600,50,65,1.5,55,75.4,175,105,150,48,1,0
66,Machop,fighting,,['Guts'; 'No Guard'; 'Steadfast'],80,70,305,180,50,0.8,70,75.4,35,35,35,19.5,1,0
67,Machoke,fighting,,['Guts'; 'No Guard'; 'Steadfast'],100,70,405,90,70,1.5,80,75.4,50,60,45,70.5,1,0
68,Machamp,fighting,,['Guts'; 'No Guard'; 'Steadfast'],130,70,505,45,80,1.6,90,75.4,65,85,55,130,1,0
69,Bellsprout,grass,poison,['Chlorophyll'; 'Gluttony'],75,70,300,255,35,0.7,50,50,70,30,40,4,1,0
70,Weepinbell,grass,poison,['Chlorophyll'; 'Gluttony'],90,70,390,120,50,1,65,50,85,45,55,6.4,1,0
71,Victreebel,grass,poison,['Chlorophyll'; 'Gluttony'],105,70,490,45,65,1.7,80,50,100,70,70,15.5,1,0
72,Tentacool,water,poison,['Clear Body'; 'Liquid Ooze'; 'Rain Dish'],40,70,335,190,35,0.9,40,50,50,100,70,45.5,1,0
73,Tentacruel,water,poison,['Clear Body'; 'Liquid Ooze'; 'Rain Dish'],70,70,515,60,65,1.6,80,50,80,120,100,55,1,0
74,Geodude,rock,ground,['Rock Head'; 'Sturdy'; 'Sand Veil'; 'Magnet Pull'; 'Sturdy'; 'Galvanize'],80,70,300,255,100,,40,50,30,30,20,,1,0
75,Graveler,rock,ground,['Rock Head'; 'Sturdy'; 'Sand Veil'; 'Magnet Pull'; 'Sturdy'; 'Galvanize'],95,70,390,120,115,,55,50,45,45,35,,1,0
76,Golem,rock,ground,['Rock Head'; 'Sturdy'; 'Sand Veil'; 'Magnet Pull'; 'Sturdy'; 'Galvanize'],120,70,495,45,130,,80,50,55,65,45,,1,0
77,Ponyta,fire,,['Run Away'; 'Flash Fire'; 'Flame Body'],85,70,410,190,55,1,50,50,65,65,90,30,1,0
78,Rapidash,fire,,['Run Away'; 'Flash Fire'; 'Flame Body'],100,70,500,60,70,1.7,65,50,80,80,105,95,1,0
79,Slowpoke,water,psychic,['Oblivious'; 'Own Tempo'; 'Regenerator'],65,70,315,190,65,1.2,90,50,40,40,15,36,1,0
80,Slowbro,water,psychic,['Oblivious'; 'Own Tempo'; 'Regenerator'],75,70,590,75,180,1.6,95,50,130,80,30,78.5,1,0
81,Magnemite,electric,steel,['Magnet Pull'; 'Sturdy'; 'Analytic'],35,70,325,190,70,0.3,25,,95,55,45,6,1,0
82,Magneton,electric,steel,['Magnet Pull'; 'Sturdy'; 'Analytic'],60,70,465,60,95,1,50,,120,70,70,60,1,0
83,Farfetch'd,normal,flying,['Keen Eye'; 'Inner Focus'; 'Defiant'],90,70,377,45,55,0.8,52,50,58,62,60,15,1,0
84,Doduo,normal,flying,['Run Away'; 'Early Bird'; 'Tangled Feet'],85,70,310,190,45,1.4,35,50,35,35,75,39.2,1,0
85,Dodrio,normal,flying,['Run Away'; 'Early Bird'; 'Tangled Feet'],110,70,470,45,70,1.8,60,50,60,60,110,85.2,1,0
86,Seel,water,,['Thick Fat'; 'Hydration'; 'Ice Body'],45,70,325,190,55,1.1,65,50,45,70,45,90,1,0
87,Dewgong,water,ice,['Thick Fat'; 'Hydration'; 'Ice Body'],70,70,475,75,80,1.7,90,50,70,95,70,120,1,0
88,Grimer,poison,poison,['Stench'; 'Sticky Hold'; 'Poison Touch'; 'Poison Touch'; 'Gluttony'; 'Power of Alchemy'],80,70,325,190,50,,80,50,40,50,25,,1,0
89,Muk,poison,poison,['Stench'; 'Sticky Hold'; 'Poison Touch'; 'Poison Touch'; 'Gluttony'; 'Power of Alchemy'],105,70,500,75,75,,105,50,65,100,50,,1,0
90,Shellder,water,,['Shell Armor'; 'Skill Link'; 'Overcoat'],65,70,305,190,100,0.3,30,50,45,25,40,4,1,0
91,Cloyster,water,ice,['Shell Armor'; 'Skill Link'; 'Overcoat'],95,70,525,60,180,1.5,50,50,85,45,70,132.5,1,0
92,Gastly,ghost,poison,['Levitate'],35,70,310,190,30,1.3,30,50,100,35,80,0.1,1,0
93,Haunter,ghost,poison,['Levitate'],50,70,405,90,45,1.6,45,50,115,55,95,0.1,1,0
94,Gengar,ghost,poison,['Cursed Body'],65,70,600,45,80,1.5,60,50,170,95,130,40.5,1,0
95,Onix,rock,ground,['Rock Head'; 'Sturdy'; 'Weak Armor'],45,70,385,45,160,8.8,35,50,30,45,70,210,1,0
96,Drowzee,psychic,,['Insomnia'; 'Forewarn'; 'Inner Focus'],48,70,328,190,45,1,60,50,43,90,42,32.4,1,0
97,Hypno,psychic,,['Insomnia'; 'Forewarn'; 'Inner Focus'],73,70,483,75,70,1.6,85,50,73,115,67,75.6,1,0
98,Krabby,water,,['Hyper Cutter'; 'Shell Armor'; 'Sheer Force'],105,70,325,225,90,0.4,30,50,25,25,50,6.5,1,0
99,Kingler,water,,['Hyper Cutter'; 'Shell Armor'; 'Sheer Force'],130,70,475,60,115,1.3,55,50,50,50,75,60,1,0
100,Voltorb,electric,,['Soundproof'; 'Static'; 'Aftermath'],30,70,330,190,50,0.5,40,,55,55,100,10.4,1,0
101,Electrode,electric,,['Soundproof'; 'Static'; 'Aftermath'],50,70,490,60,70,1.2,60,,80,80,150,66.6,1,0
102,Exeggcute,grass,psychic,['Chlorophyll'; 'Harvest'],40,70,325,90,80,0.4,60,50,60,45,40,2.5,1,0
103,Exeggutor,grass,psychic,['Chlorophyll'; 'Harvest'; 'Frisk'; 'Harvest'],105,70,530,45,85,,95,50,125,75,45,,1,0
104,Cubone,ground,,['Rock Head'; 'Lightningrod'; 'Battle Armor'],50,70,320,190,95,0.4,50,50,40,50,35,6.5,1,0
105,Marowak,ground,fire,['Rock Head'; 'Lightningrod'; 'Battle Armor'; 'Cursed Body'; 'Lightningrod'; 'Rock Head'],80,70,425,75,110,,60,50,50,80,45,,1,0
106,Hitmonlee,fighting,,['Limber'; 'Reckless'; 'Unburden'],120,70,455,45,53,1.5,50,100,35,110,87,49.8,1,0
107,Hitmonchan,fighting,,['Keen Eye'; 'Iron Fist'; 'Inner Focus'],105,70,455,45,79,1.4,50,100,35,110,76,50.2,1,0
108,Lickitung,normal,,['Own Tempo'; 'Oblivious'; 'Cloud Nine'],55,70,385,45,75,1.2,90,50,60,75,30,65.5,1,0
109,Koffing,poison,,['Levitate'],65,70,340,190,95,0.6,40,50,60,45,35,1,1,0
110,Weezing,poison,,['Levitate'],90,70,490,60,120,1.2,65,50,85,70,60,9.5,1,0
111,Rhyhorn,ground,rock,['Lightningrod'; 'Rock Head'; 'Reckless'],85,70,345,120,95,1,80,50,30,30,25,115,1,0
112,Rhydon,ground,rock,['Lightningrod'; 'Rock Head'; 'Reckless'],130,70,485,60,120,1.9,105,50,45,45,40,120,1,0
113,Chansey,normal,,['Natural Cure'; 'Serene Grace'; 'Healer'],5,140,450,30,5,1.1,250,0,35,105,50,34.6,1,0
114,Tangela,grass,,['Chlorophyll'; 'Leaf Guard'; 'Regenerator'],55,70,435,45,115,1,65,50,100,40,60,35,1,0
115,Kangaskhan,normal,,['Early Bird'; 'Scrappy'; 'Inner Focus'],125,70,590,45,100,2.2,105,0,60,100,100,80,1,0
116,Horsea,water,,['Swift Swim'; 'Sniper'; 'Damp'],40,70,295,225,70,0.4,30,50,70,25,60,8,1,0
117,Seadra,water,,['Poison Point'; 'Sniper'; 'Damp'],65,70,440,75,95,1.2,55,50,95,45,85,25,1,0
118,Goldeen,water,,['Swift Swim'; 'Water Veil'; 'Lightningrod'],67,70,320,225,60,0.6,45,50,35,50,63,15,1,0
119,Seaking,water,,['Swift Swim'; 'Water Veil'; 'Lightningrod'],92,70,450,60,65,1.3,80,50,65,80,68,39,1,0
120,Staryu,water,,['Illuminate'; 'Natural Cure'; 'Analytic'],45,70,340,225,55,0.8,30,,70,55,85,34.5,1,0
121,Starmie,water,psychic,['Illuminate'; 'Natural Cure'; 'Analytic'],75,70,520,60,85,1.1,60,,100,85,115,80,1,0
122,Mr. Mime,psychic,fairy,['Soundproof'; 'Filter'; 'Technician'],45,70,460,45,65,1.3,40,50,100,120,90,54.5,1,0
123,Scyther,bug,flying,['Swarm'; 'Technician'; 'Steadfast'],110,70,500,45,80,1.5,70,50,55,80,105,56,1,0
124,Jynx,ice,psychic,['Oblivious'; 'Forewarn'; 'Dry Skin'],50,70,455,45,35,1.4,65,0,115,95,95,40.6,1,0
125,Electabuzz,electric,,['Static'; 'Vital Spirit'],83,70,490,45,57,1.1,65,75.4,95,85,105,30,1,0
126,Magmar,fire,,['Flame Body'; 'Vital Spirit'],95,70,495,45,57,1.3,65,75.4,100,85,93,44.5,1,0
127,Pinsir,bug,,['Hyper Cutter'; 'Mold Breaker'; 'Moxie'],155,70,600,45,120,1.5,65,50,65,90,105,55,1,0
128,Tauros,normal,,['Intimidate'; 'Anger Point'; 'Sheer Force'],100,70,490,45,95,1.4,75,100,40,70,110,88.4,1,0
129,Magikarp,water,,['Swift Swim'; 'Rattled'],10,70,200,255,55,0.9,20,50,15,20,80,10,1,0
130,Gyarados,water,flying,['Intimidate'; 'Moxie'],155,70,640,45,109,6.5,95,50,70,130,81,235,1,0
131,Lapras,water,ice,['Water Absorb'; 'Shell Armor'; 'Hydration'],85,70,535,45,80,2.5,130,50,85,95,60,220,1,0
132,Ditto,normal,,['Limber'; 'Imposter'],48,70,288,35,48,0.3,48,,48,48,48,4,1,0
133,Eevee,normal,,['Run Away'; 'Adaptability'; 'Anticipation'],55,70,325,45,50,0.3,55,88.1,45,65,55,6.5,1,0
134,Vaporeon,water,,['Water Absorb'; 'Hydration'],65,70,525,45,60,1,130,88.1,110,95,65,29,1,0
135,Jolteon,electric,,['Volt Absorb'; 'Quick Feet'],65,70,525,45,60,0.8,65,88.1,110,95,130,24.5,1,0
136,Flareon,fire,,['Flash Fire'; 'Guts'],130,70,525,45,60,0.9,65,88.1,95,110,65,25,1,0
137,Porygon,normal,,['Trace'; 'Download'; 'Analytic'],60,70,395,45,70,0.8,65,,85,75,40,36.5,1,0
138,Omanyte,rock,water,['Swift Swim'; 'Shell Armor'; 'Weak Armor'],40,70,355,45,100,0.4,35,88.1,90,55,35,7.5,1,0
139,Omastar,rock,water,['Swift Swim'; 'Shell Armor'; 'Weak Armor'],60,70,495,45,125,1,70,88.1,115,70,55,35,1,0
140,Kabuto,rock,water,['Swift Swim'; 'Battle Armor'; 'Weak Armor'],80,70,355,45,90,0.5,30,88.1,55,45,55,11.5,1,0
141,Kabutops,rock,water,['Swift Swim'; 'Battle Armor'; 'Weak Armor'],115,70,495,45,105,1.3,60,88.1,65,70,80,40.5,1,0
142,Aerodactyl,rock,flying,['Rock Head'; 'Pressure'; 'Unnerve'],135,70,615,45,85,1.8,80,88.1,70,95,150,59,1,0
143,Snorlax,normal,,['Immunity'; 'Thick Fat'; 'Gluttony'],110,70,540,25,65,2.1,160,88.1,65,110,30,460,1,0
144,Articuno,ice,flying,['Pressure'; 'Snow Cloak'],85,35,580,3,100,1.7,90,,95,125,85,55.4,1,1
145,Zapdos,electric,flying,['Pressure'; 'Static'],90,35,580,3,85,1.6,90,,125,90,100,52.6,1,1
146,Moltres,fire,flying,['Pressure'; 'Flame Body'],100,35,580,3,90,2,90,,125,85,90,60,1,1
147,Dratini,dragon,,['Shed Skin'; 'Marvel Scale'],64,35,300,45,45,1.8,41,50,50,50,50,3.3,1,0
148,Dragonair,dragon,,['Shed Skin'; 'Marvel Scale'],84,35,420,45,65,4,61,50,70,70,70,16.5,1,0
149,Dragonite,dragon,flying,['Inner Focus'; 'Multiscale'],134,35,600,45,95,2.2,91,50,100,100,80,210,1,0
150,Mewtwo,psychic,,['Pressure'; 'Unnerve'],150,0,780,3,70,2,106,,194,120,140,122,1,1
151,Mew,psychic,,['Synchronize'],100,100,600,45,100,0.4,100,,100,100,100,4,1,1
152,Chikorita,grass,,['Overgrow'; 'Leaf Guard'],49,70,318,45,65,0.9,45,88.1,49,65,45,6.4,2,0
153,Bayleef,grass,,['Overgrow'; 'Leaf Guard'],62,70,405,45,80,1.2,60,88.1,63,80,60,15.8,2,0
154,Meganium,grass,,['Overgrow'; 'Leaf Guard'],82,70,525,45,100,1.8,80,88.1,83,100,80,100.5,2,0
155,Cyndaquil,fire,,['Blaze'; 'Flash Fire'],52,70,309,45,43,0.5,39,88.1,60,50,65,7.9,2,0
156,Quilava,fire,,['Blaze'; 'Flash Fire'],64,70,405,45,58,0.9,58,88.1,80,65,80,19,2,0
157,Typhlosion,fire,,['Blaze'; 'Flash Fire'],84,70,534,45,78,1.7,78,88.1,109,85,100,79.5,2,0
158,Totodile,water,,['Torrent'; 'Sheer Force'],65,70,314,45,64,0.6,50,88.1,44,48,43,9.5,2,0
159,Croconaw,water,,['Torrent'; 'Sheer Force'],80,70,405,45,80,1.1,65,88.1,59,63,58,25,2,0
160,Feraligatr,water,,['Torrent'; 'Sheer Force'],105,70,530,45,100,2.3,85,88.1,79,83,78,88.8,2,0
161,Sentret,normal,,['Run Away'; 'Keen Eye'; 'Frisk'],46,70,215,255,34,0.8,35,50,35,45,20,6,2,0
162,Furret,normal,,['Run Away'; 'Keen Eye'; 'Frisk'],76,70,415,90,64,1.8,85,50,45,55,90,32.5,2,0
163,Hoothoot,normal,flying,['Insomnia'; 'Keen Eye'; 'Tinted Lens'],30,70,262,255,30,0.7,60,50,36,56,50,21.2,2,0
164,Noctowl,normal,flying,['Insomnia'; 'Keen Eye'; 'Tinted Lens'],50,70,452,90,50,1.6,100,50,86,96,70,40.8,2,0
165,Ledyba,bug,flying,['Swarm'; 'Early Bird'; 'Rattled'],20,70,265,255,30,1,40,50,40,80,55,10.8,2,0
166,Ledian,bug,flying,['Swarm'; 'Early Bird'; 'Iron Fist'],35,70,390,90,50,1.4,55,50,55,110,85,35.6,2,0
167,Spinarak,bug,poison,['Swarm'; 'Insomnia'; 'Sniper'],60,70,250,255,40,0.5,40,50,40,40,30,8.5,2,0
168,Ariados,bug,poison,['Swarm'; 'Insomnia'; 'Sniper'],90,70,400,90,70,1.1,70,50,60,70,40,33.5,2,0
169,Crobat,poison,flying,['Inner Focus'; 'Infiltrator'],90,70,535,90,80,1.8,85,50,70,80,130,75,2,0
170,Chinchou,water,electric,['Volt Absorb'; 'Illuminate'; 'Water Absorb'],38,70,330,190,38,0.5,75,50,56,56,67,12,2,0
171,Lanturn,water,electric,['Volt Absorb'; 'Illuminate'; 'Water Absorb'],58,70,460,75,58,1.2,125,50,76,76,67,22.5,2,0
172,Pichu,electric,,['Static'; 'Lightningrod'],40,70,205,190,15,0.3,20,50,35,35,60,2,2,0
173,Cleffa,fairy,,['Cute Charm'; 'Magic Guard'; 'Friend Guard'],25,140,218,150,28,0.3,50,24.6,45,55,15,3,2,0
174,Igglybuff,normal,fairy,['Cute Charm'; 'Competitive'; 'Friend Guard'],30,70,210,170,15,0.3,90,24.6,40,20,15,1,2,0
175,Togepi,fairy,,['Hustle'; 'Serene Grace'; 'Super Luck'],20,70,245,190,65,0.3,35,88.1,40,65,20,1.5,2,0
176,Togetic,fairy,flying,['Hustle'; 'Serene Grace'; 'Super Luck'],40,70,405,75,85,0.6,55,88.1,80,105,40,3.2,2,0
177,Natu,psychic,flying,['Synchronize'; 'Early Bird'; 'Magic Bounce'],50,70,320,190,45,0.2,40,50,70,45,70,2,2,0
178,Xatu,psychic,flying,['Synchronize'; 'Early Bird'; 'Magic Bounce'],75,70,470,75,70,1.5,65,50,95,70,95,15,2,0
179,Mareep,electric,,['Static'; 'Plus'],40,70,280,235,40,0.6,55,50,65,45,35,7.8,2,0
180,Flaaffy,electric,,['Static'; 'Plus'],55,70,365,120,55,0.8,70,50,80,60,45,13.3,2,0
181,Ampharos,electric,,['Static'; 'Plus'],95,70,610,45,105,1.4,90,50,165,110,45,61.5,2,0
182,Bellossom,grass,,['Chlorophyll'; 'Healer'],80,70,490,45,95,0.4,75,50,90,100,50,5.8,2,0
183,Marill,water,fairy,['Thick Fat'; 'Huge Power'; 'Sap Sipper'],20,70,250,190,50,0.4,70,50,20,50,40,8.5,2,0
184,Azumarill,water,fairy,['Thick Fat'; 'Huge Power'; 'Sap Sipper'],50,70,420,75,80,0.8,100,50,60,80,50,28.5,2,0
185,Sudowoodo,rock,,['Sturdy'; 'Rock Head'; 'Rattled'],100,70,410,65,115,1.2,70,50,30,65,30,38,2,0
186,Politoed,water,,['Water Absorb'; 'Damp'; 'Drizzle'],75,70,500,45,75,1.1,90,50,90,100,70,33.9,2,0
187,Hoppip,grass,flying,['Chlorophyll'; 'Leaf Guard'; 'Infiltrator'],35,70,250,255,40,0.4,35,50,35,55,50,0.5,2,0
188,Skiploom,grass,flying,['Chlorophyll'; 'Leaf Guard'; 'Infiltrator'],45,70,340,120,50,0.6,55,50,45,65,80,1,2,0
189,Jumpluff,grass,flying,['Chlorophyll'; 'Leaf Guard'; 'Infiltrator'],55,70,460,45,70,0.8,75,50,55,95,110,3,2,0
190,Aipom,normal,,['Run Away'; 'Pickup'; 'Skill Link'],70,70,360,45,55,0.8,55,50,40,55,85,11.5,2,0
191,Sunkern,grass,,['Chlorophyll'; 'Solar Power'; 'Early Bird'],30,70,180,235,30,0.3,30,50,30,30,30,1.8,2,0
192,Sunflora,grass,,['Chlorophyll'; 'Solar Power'; 'Early Bird'],75,70,425,120,55,0.8,75,50,105,85,30,8.5,2,0
193,Yanma,bug,flying,['Speed Boost'; 'Compoundeyes'; 'Frisk'],65,70,390,75,45,1.2,65,50,75,45,95,38,2,0
194,Wooper,water,ground,['Damp'; 'Water Absorb'; 'Unaware'],45,70,210,255,45,0.4,55,50,25,25,15,8.5,2,0
195,Quagsire,water,ground,['Damp'; 'Water Absorb'; 'Unaware'],85,70,430,90,85,1.4,95,50,65,65,35,75,2,0
196,Espeon,psychic,,['Synchronize'; 'Magic Bounce'],65,70,525,45,60,0.9,65,88.1,130,95,110,26.5,2,0
197,Umbreon,dark,,['Synchronize'; 'Inner Focus'],65,35,525,45,110,1,95,88.1,60,130,65,27,2,0
198,Murkrow,dark,flying,['Insomnia'; 'Super Luck'; 'Prankster'],85,35,405,30,42,0.5,60,50,85,42,91,2.1,2,0
199,Slowking,water,psychic,['Oblivious'; 'Own Tempo'; 'Regenerator'],75,70,490,70,80,2,95,50,100,110,30,79.5,2,0
200,Misdreavus,ghost,,['Levitate'],60,35,435,45,60,0.7,60,50,85,85,85,1,2,0
201,Unown,psychic,,['Levitate'],72,70,336,225,48,0.5,48,,72,48,48,5,2,0
202,Wobbuffet,psychic,,['Shadow Tag'; 'Telepathy'],33,70,405,45,58,1.3,190,50,33,58,33,28.5,2,0
203,Girafarig,normal,psychic,['Inner Focus'; 'Early Bird'; 'Sap Sipper'],80,70,455,60,65,1.5,70,50,90,65,85,41.5,2,0
204,Pineco,bug,,['Sturdy'; 'Overcoat'],65,70,290,190,90,0.6,50,50,35,35,15,7.2,2,0
205,Forretress,bug,steel,['Sturdy'; 'Overcoat'],90,70,465,75,140,1.2,75,50,60,60,40,125.8,2,0
206,Dunsparce,normal,,['Serene Grace'; 'Run Away'; 'Rattled'],70,70,415,190,70,1.5,100,50,65,65,45,14,2,0
207,Gligar,ground,flying,['Hyper Cutter'; 'Sand Veil'; 'Immunity'],75,70,430,60,105,1.1,65,50,35,65,85,64.8,2,0
208,Steelix,steel,ground,['Rock Head'; 'Sturdy'; 'Sheer Force'],125,70,610,25,230,9.2,75,50,55,95,30,400,2,0
209,Snubbull,fairy,,['Intimidate'; 'Run Away'; 'Rattled'],80,70,300,190,50,0.6,60,24.6,40,40,30,7.8,2,0
210,Granbull,fairy,,['Intimidate'; 'Quick Feet'; 'Rattled'],120,70,450,75,75,1.4,90,24.6,60,60,45,48.7,2,0
211,Qwilfish,water,poison,['Poison Point'; 'Swift Swim'; 'Intimidate'],95,70,440,45,85,0.5,65,50,55,55,85,3.9,2,0
212,Scizor,bug,steel,['Swarm'; 'Technician'; 'Light Metal'],150,70,600,25,140,1.8,70,50,65,100,75,118,2,0
213,Shuckle,bug,rock,['Sturdy'; 'Gluttony'; 'Contrary'],10,70,505,190,230,0.6,20,50,10,230,5,20.5,2,0
214,Heracross,bug,fighting,['Swarm'; 'Guts'; 'Moxie'],185,70,600,45,115,1.5,80,50,40,105,75,54,2,0
215,Sneasel,dark,ice,['Inner Focus'; 'Keen Eye'; 'Pickpocket'],95,35,430,60,55,0.9,55,50,35,75,115,28,2,0
216,Teddiursa,normal,,['Pickup'; 'Quick Feet'; 'Honey Gather'],80,70,330,120,50,0.6,60,50,50,50,40,8.8,2,0
217,Ursaring,normal,,['Guts'; 'Quick Feet'; 'Unnerve'],130,70,500,60,75,1.8,90,50,75,75,55,125.8,2,0
218,Slugma,fire,,['Magma Armor'; 'Flame Body'; 'Weak Armor'],40,70,250,190,40,0.7,40,50,70,40,20,35,2,0
219,Magcargo,fire,rock,['Magma Armor'; 'Flame Body'; 'Weak Armor'],50,70,430,75,120,0.8,60,50,90,80,30,55,2,0
220,Swinub,ice,ground,['Oblivious'; 'Snow Cloak'; 'Thick Fat'],50,70,250,225,40,0.4,50,50,30,30,50,6.5,2,0
221,Piloswine,ice,ground,['Oblivious'; 'Snow Cloak'; 'Thick Fat'],100,70,450,75,80,1.1,100,50,60,60,50,55.8,2,0
222,Corsola,water,rock,['Hustle'; 'Natural Cure'; 'Regenerator'],55,70,410,60,95,0.6,65,24.6,65,95,35,5,2,0
223,Remoraid,water,,['Hustle'; 'Sniper'; 'Moody'],65,70,300,190,35,0.6,35,50,65,35,65,12,2,0
224,Octillery,water,,['Suction Cups'; 'Sniper'; 'Moody'],105,70,480,75,75,0.9,75,50,105,75,45,28.5,2,0
225,Delibird,ice,flying,['Vital Spirit'; 'Hustle'; 'Insomnia'],55,70,330,45,45,0.9,45,50,65,45,75,16,2,0
226,Mantine,water,flying,['Swift Swim'; 'Water Absorb'; 'Water Veil'],40,70,485,25,70,2.1,85,50,80,140,70,220,2,0
227,Skarmory,steel,flying,['Keen Eye'; 'Sturdy'; 'Weak Armor'],80,70,465,25,140,1.7,65,50,40,70,70,50.5,2,0
228,Houndour,dark,fire,['Early Bird'; 'Flash Fire'; 'Unnerve'],60,35,330,120,30,0.6,45,50,80,50,65,10.8,2,0
229,Houndoom,dark,fire,['Early Bird'; 'Flash Fire'; 'Unnerve'],90,35,600,45,90,1.4,75,50,140,90,115,35,2,0
230,Kingdra,water,dragon,['Swift Swim'; 'Sniper'; 'Damp'],95,70,540,45,95,1.8,75,50,95,95,85,152,2,0
231,Phanpy,ground,,['Pickup'; 'Sand Veil'],60,70,330,120,60,0.5,90,50,40,40,40,33.5,2,0
232,Donphan,ground,,['Sturdy'; 'Sand Veil'],120,70,500,60,120,1.1,90,50,60,60,50,120,2,0
233,Porygon2,normal,,['Trace'; 'Download'; 'Analytic'],80,70,515,45,90,0.6,85,,105,95,60,32.5,2,0
234,Stantler,normal,,['Intimidate'; 'Frisk'; 'Sap Sipper'],95,70,465,45,62,1.4,73,50,85,65,85,71.2,2,0
235,Smeargle,normal,,['Own Tempo'; 'Technician'; 'Moody'],20,70,250,45,35,1.2,55,50,20,45,75,58,2,0
236,Tyrogue,fighting,,['Guts'; 'Steadfast'; 'Vital Spirit'],35,70,210,75,35,0.7,35,100,35,35,35,21,2,0
237,Hitmontop,fighting,,['Intimidate'; 'Technician'; 'Steadfast'],95,70,455,45,95,1.4,50,100,35,110,70,48,2,0
238,Smoochum,ice,psychic,['Oblivious'; 'Forewarn'; 'Hydration'],30,70,305,45,15,0.4,45,0,85,65,65,6,2,0
239,Elekid,electric,,['Static'; 'Vital Spirit'],63,70,360,45,37,0.6,45,75.4,65,55,95,23.5,2,0
240,Magby,fire,,['Flame Body'; 'Vital Spirit'],75,70,365,45,37,0.7,45,75.4,70,55,83,21.4,2,0
241,Miltank,normal,,['Thick Fat'; 'Scrappy'; 'Sap Sipper'],80,70,490,45,105,1.2,95,0,40,70,100,75.5,2,0
242,Blissey,normal,,['Natural Cure'; 'Serene Grace'; 'Healer'],10,140,540,30,10,1.5,255,0,75,135,55,46.8,2,0
243,Raikou,electric,,['Pressure'; 'Inner Focus'],85,35,580,3,75,1.9,90,,115,100,115,178,2,1
244,Entei,fire,,['Pressure'; 'Inner Focus'],115,35,580,3,85,2.1,115,,90,75,100,198,2,1
245,Suicune,water,,['Pressure'; 'Inner Focus'],75,35,580,3,115,2,100,,90,115,85,187,2,1
246,Larvitar,rock,ground,['Guts'; 'Sand Veil'],64,35,300,45,50,0.6,50,50,45,50,41,72,2,0
247,Pupitar,rock,ground,['Shed Skin'],84,35,410,45,70,1.2,70,50,65,70,51,152,2,0
248,Tyranitar,rock,dark,['Sand Stream'; 'Unnerve'],164,35,700,45,150,2,100,50,95,120,71,202,2,0
249,Lugia,psychic,flying,['Pressure'; 'Multiscale'],90,0,680,3,130,5.2,106,,90,154,110,216,2,1
250,Ho-Oh,fire,flying,['Pressure'; 'Regenerator'],130,0,680,3,90,3.8,106,,110,154,90,199,2,1
251,Celebi,psychic,grass,['Natural Cure'],100,100,600,45,100,0.6,100,,100,100,100,5,2,1
252,Treecko,grass,,['Overgrow'; 'Unburden'],45,70,310,45,35,0.5,40,88.1,65,55,70,5,3,0
253,Grovyle,grass,,['Overgrow'; 'Unburden'],65,70,405,45,45,0.9,50,88.1,85,65,95,21.6,3,0
254,Sceptile,grass,,['Overgrow'; 'Unburden'],110,70,630,45,75,1.7,70,88.1,145,85,145,52.2,3,0
255,Torchic,fire,,['Blaze'; 'Speed Boost'],60,70,310,45,40,0.4,45,88.1,70,50,45,2.5,3,0
256,Combusken,fire,fighting,['Blaze'; 'Speed Boost'],85,70,405,45,60,0.9,60,88.1,85,60,55,19.5,3,0
257,Blaziken,fire,fighting,['Blaze'; 'Speed Boost'],160,70,630,45,80,1.9,80,88.1,130,80,100,52,3,0
258,Mudkip,water,,['Torrent'; 'Damp'],70,70,310,45,50,0.4,50,88.1,50,50,40,7.6,3,0
259,Marshtomp,water,ground,['Torrent'; 'Damp'],85,70,405,45,70,0.7,70,88.1,60,70,50,28,3,0
260,Swampert,water,ground,['Torrent'; 'Damp'],150,70,635,45,110,1.5,100,88.1,95,110,70,81.9,3,0
261,Poochyena,dark,,['Run Away'; 'Quick Feet'; 'Rattled'],55,70,220,255,35,0.5,35,50,30,30,35,13.6,3,0
262,Mightyena,dark,,['Intimidate'; 'Quick Feet'; 'Moxie'],90,70,420,127,70,1,70,50,60,60,70,37,3,0
263,Zigzagoon,normal,,['Pickup'; 'Gluttony'; 'Quick Feet'],30,70,240,255,41,0.4,38,50,30,41,60,17.5,3,0
264,Linoone,normal,,['Pickup'; 'Gluttony'; 'Quick Feet'],70,70,420,90,61,0.5,78,50,50,61,100,32.5,3,0
265,Wurmple,bug,,['Shield Dust'; 'Run Away'],45,70,195,255,35,0.3,45,50,20,30,20,3.6,3,0
266,Silcoon,bug,,['Shed Skin'],35,70,205,120,55,0.6,50,50,25,25,15,10,3,0
267,Beautifly,bug,flying,['Swarm'; 'Rivalry'],70,70,395,45,50,1,60,50,100,50,65,28.4,3,0
268,Cascoon,bug,,['Shed Skin'],35,70,205,120,55,0.7,50,50,25,25,15,11.5,3,0
269,Dustox,bug,poison,['Shield Dust'; 'Compoundeyes'],50,70,385,45,70,1.2,60,50,50,90,65,31.6,3,0
270,Lotad,water,grass,['Swift Swim'; 'Rain Dish'; 'Own Tempo'],30,70,220,255,30,0.5,40,50,40,50,30,2.6,3,0
271,Lombre,water,grass,['Swift Swim'; 'Rain Dish'; 'Own Tempo'],50,70,340,120,50,1.2,60,50,60,70,50,32.5,3,0
272,Ludicolo,water,grass,['Swift Swim'; 'Rain Dish'; 'Own Tempo'],70,70,480,45,70,1.5,80,50,90,100,70,55,3,0
273,Seedot,grass,,['Chlorophyll'; 'Early Bird'; 'Pickpocket'],40,70,220,255,50,0.5,40,50,30,30,30,4,3,0
274,Nuzleaf,grass,dark,['Chlorophyll'; 'Early Bird'; 'Pickpocket'],70,70,340,120,40,1,70,50,60,40,60,28,3,0
275,Shiftry,grass,dark,['Chlorophyll'; 'Early Bird'; 'Pickpocket'],100,70,480,45,60,1.3,90,50,90,60,80,59.6,3,0
276,Taillow,normal,flying,['Guts'; 'Scrappy'],55,70,270,200,30,0.3,40,50,30,30,85,2.3,3,0
277,Swellow,normal,flying,['Guts'; 'Scrappy'],85,70,455,45,60,0.7,60,50,75,50,125,19.8,3,0
278,Wingull,water,flying,['Keen Eye'; 'Hydration'; 'Rain Dish'],30,70,270,190,30,0.6,40,50,55,30,85,9.5,3,0
279,Pelipper,water,flying,['Keen Eye'; 'Drizzle'; 'Rain Dish'],50,70,440,45,100,1.2,60,50,95,70,65,28,3,0
280,Ralts,psychic,fairy,['Synchronize'; 'Trace'; 'Telepathy'],25,35,198,235,25,0.4,28,50,45,35,40,6.6,3,0
281,Kirlia,psychic,fairy,['Synchronize'; 'Trace'; 'Telepathy'],35,35,278,120,35,0.8,38,50,65,55,50,20.2,3,0
282,Gardevoir,psychic,fairy,['Synchronize'; 'Trace'; 'Telepathy'],85,35,618,45,65,1.6,68,50,165,135,100,48.4,3,0
283,Surskit,bug,water,['Swift Swim'; 'Rain Dish'],30,70,269,200,32,0.5,40,50,50,52,65,1.7,3,0
284,Masquerain,bug,flying,['Intimidate'; 'Unnerve'],60,70,454,75,62,0.8,70,50,100,82,80,3.6,3,0
285,Shroomish,grass,,['Effect Spore'; 'Poison Heal'; 'Quick Feet'],40,70,295,255,60,0.4,60,50,40,60,35,4.5,3,0
286,Breloom,grass,fighting,['Effect Spore'; 'Poison Heal'; 'Technician'],130,70,460,90,80,1.2,60,50,60,60,70,39.2,3,0
287,Slakoth,normal,,['Truant'],60,70,280,255,60,0.8,60,50,35,35,30,24,3,0
288,Vigoroth,normal,,['Vital Spirit'],80,70,440,120,80,1.4,80,50,55,55,90,46.5,3,0
289,Slaking,normal,,['Truant'],160,70,670,45,100,2,150,50,95,65,100,130.5,3,0
290,Nincada,bug,ground,['Compoundeyes'; 'Run Away'],45,70,266,255,90,0.5,31,50,30,30,40,5.5,3,0
291,Ninjask,bug,flying,['Speed Boost'; 'Infiltrator'],90,70,456,120,45,0.8,61,50,50,50,160,12,3,0
292,Shedinja,bug,ghost,['Wonder Guard'],90,70,236,45,45,0.8,1,,30,30,40,1.2,3,0
293,Whismur,normal,,['Soundproof'; 'Rattled'],51,70,240,190,23,0.6,64,50,51,23,28,16.3,3,0
294,Loudred,normal,,['Soundproof'; 'Scrappy'],71,70,360,120,43,1,84,50,71,43,48,40.5,3,0
295,Exploud,normal,,['Soundproof'; 'Scrappy'],91,70,490,45,63,1.5,104,50,91,73,68,84,3,0
296,Makuhita,fighting,,['Thick Fat'; 'Guts'; 'Sheer Force'],60,70,237,180,30,1,72,75.4,20,30,25,86.4,3,0
297,Hariyama,fighting,,['Thick Fat'; 'Guts'; 'Sheer Force'],120,70,474,200,60,2.3,144,75.4,40,60,50,253.8,3,0
298,Azurill,normal,fairy,['Thick Fat'; 'Huge Power'; 'Sap Sipper'],20,70,190,150,40,0.2,50,24.6,20,40,20,2,3,0
299,Nosepass,rock,,['Sturdy'; 'Magnet Pull'; 'Sand Force'],45,70,375,255,135,1,30,50,45,90,30,97,3,0
300,Skitty,normal,,['Cute Charm'; 'Normalize'; 'Wonder Skin '],45,70,260,255,45,0.6,50,24.6,35,35,50,11,3,0
301,Delcatty,normal,,['Cute Charm'; 'Normalize'; 'Wonder Skin '],65,70,400,60,65,1.1,70,24.6,55,55,90,32.6,3,0
302,Sableye,dark,ghost,['Keen Eye'; 'Stall'; 'Prankster'],85,35,480,45,125,0.5,50,50,85,115,20,11,3,0
303,Mawile,steel,fairy,['Hyper Cutter'; 'Intimidate'; 'Sheer Force'],105,70,480,45,125,0.6,50,50,55,95,50,11.5,3,0
304,Aron,steel,rock,['Sturdy'; 'Rock Head'; 'Heavy Metal'],70,35,330,180,100,0.4,50,50,40,40,30,60,3,0
305,Lairon,steel,rock,['Sturdy'; 'Rock Head'; 'Heavy Metal'],90,35,430,90,140,0.9,60,50,50,50,40,120,3,0
306,Aggron,steel,rock,['Sturdy'; 'Rock Head'; 'Heavy Metal'],140,35,630,45,230,2.1,70,50,60,80,50,360,3,0
307,Meditite,fighting,psychic,['Pure Power'; 'Telepathy'],40,70,280,180,55,0.6,30,50,40,55,60,11.2,3,0
308,Medicham,fighting,psychic,['Pure Power'; 'Telepathy'],100,70,510,90,85,1.3,60,50,80,85,100,31.5,3,0
309,Electrike,electric,,['Static'; 'Lightningrod'; 'Minus'],45,70,295,120,40,0.6,40,50,65,40,65,15.2,3,0
310,Manectric,electric,,['Static'; 'Lightningrod'; 'Minus'],75,70,575,45,80,1.5,70,50,135,80,135,40.2,3,0
311,Plusle,electric,,['Plus'; 'Lightningrod'],50,70,405,200,40,0.4,60,50,85,75,95,4.2,3,0
312,Minun,electric,,['Minus'; 'Volt Absorb'],40,70,405,200,50,0.4,60,50,75,85,95,4.2,3,0
313,Volbeat,bug,,['Illuminate'; 'Swarm'; 'Prankster'],73,70,430,150,75,0.7,65,100,47,85,85,17.7,3,0
314,Illumise,bug,,['Oblivious'; 'Tinted Lens'; 'Prankster'],47,70,430,150,75,0.6,65,0,73,85,85,17.7,3,0
315,Roselia,grass,poison,['Natural Cure'; 'Poison Point'; 'Leaf Guard'],60,70,400,150,45,0.3,50,50,100,80,65,2,3,0
316,Gulpin,poison,,['Liquid Ooze'; 'Sticky Hold'; 'Gluttony'],43,70,302,225,53,0.4,70,50,43,53,40,10.3,3,0
317,Swalot,poison,,['Liquid Ooze'; 'Sticky Hold'; 'Gluttony'],73,70,467,75,83,1.7,100,50,73,83,55,80,3,0
318,Carvanha,water,dark,['Rough Skin'; 'Speed Boost'],90,35,305,225,20,0.8,45,50,65,20,65,20.8,3,0
319,Sharpedo,water,dark,['Rough Skin'; 'Speed Boost'],140,35,560,60,70,1.8,70,50,110,65,105,88.8,3,0
320,Wailmer,water,,['Water Veil'; 'Oblivious'; 'Pressure'],70,70,400,125,35,2,130,50,70,35,60,130,3,0
321,Wailord,water,,['Water Veil'; 'Oblivious'; 'Pressure'],90,70,500,60,45,14.5,170,50,90,45,60,398,3,0
322,Numel,fire,ground,['Oblivious'; 'Simple'; 'Own Tempo'],60,70,305,255,40,0.7,60,50,65,45,35,24,3,0
323,Camerupt,fire,ground,['Magma Armor'; 'Solid Rock'; 'Anger Point'],120,70,560,150,100,1.9,70,50,145,105,20,220,3,0
324,Torkoal,fire,,['White Smoke'; 'Drought'; 'Shell Armor'],85,70,470,90,140,0.5,70,50,85,70,20,80.4,3,0
325,Spoink,psychic,,['Thick Fat'; 'Own Tempo'; 'Gluttony'],25,70,330,255,35,0.7,60,50,70,80,60,30.6,3,0
326,Grumpig,psychic,,['Thick Fat'; 'Own Tempo'; 'Gluttony'],45,70,470,60,65,0.9,80,50,90,110,80,71.5,3,0
327,Spinda,normal,,['Own Tempo'; 'Tangled Feet'; 'Contrary'],60,70,360,255,60,1.1,60,50,60,60,60,5,3,0
328,Trapinch,ground,,['Hyper Cutter'; 'Arena Trap'; 'Sheer Force'],100,70,290,255,45,0.7,45,50,45,45,10,15,3,0
329,Vibrava,ground,dragon,['Levitate'],70,70,340,120,50,1.1,50,50,50,50,70,15.3,3,0
330,Flygon,ground,dragon,['Levitate'],100,70,520,45,80,2,80,50,80,80,100,82,3,0
331,Cacnea,grass,,['Sand Veil'; 'Water Absorb'],85,35,335,190,40,0.4,50,50,85,40,35,51.3,3,0
332,Cacturne,grass,dark,['Sand Veil'; 'Water Absorb'],115,35,475,60,60,1.3,70,50,115,60,55,77.4,3,0
333,Swablu,normal,flying,['Natural Cure'; 'Cloud Nine'],40,70,310,255,60,0.4,45,50,40,75,50,1.2,3,0
334,Altaria,dragon,flying,['Natural Cure'; 'Cloud Nine'],110,70,590,45,110,1.1,75,50,110,105,80,20.6,3,0
335,Zangoose,normal,,['Immunity'; 'Toxic Boost'],115,70,458,90,60,1.3,73,50,60,60,90,40.3,3,0
336,Seviper,poison,,['Shed Skin'; 'Infiltrator'],100,70,458,90,60,2.7,73,50,100,60,65,52.5,3,0
337,Lunatone,rock,psychic,['Levitate'],55,70,460,45,65,1,90,,95,85,70,168,3,0
338,Solrock,rock,psychic,['Levitate'],95,70,460,45,85,1.2,90,,55,65,70,154,3,0
339,Barboach,water,ground,['Oblivious'; 'Anticipation'; 'Hydration'],48,70,288,190,43,0.4,50,50,46,41,60,1.9,3,0
340,Whiscash,water,ground,['Oblivious'; 'Anticipation'; 'Hydration'],78,70,468,75,73,0.9,110,50,76,71,60,23.6,3,0
341,Corphish,water,,['Hyper Cutter'; 'Shell Armor'; 'Adaptability'],80,70,308,205,65,0.6,43,50,50,35,35,11.5,3,0
342,Crawdaunt,water,dark,['Hyper Cutter'; 'Shell Armor'; 'Adaptability'],120,70,468,155,85,1.1,63,50,90,55,55,32.8,3,0
343,Baltoy,ground,psychic,['Levitate'],40,70,300,255,55,0.5,40,,40,70,55,21.5,3,0
344,Claydol,ground,psychic,['Levitate'],70,70,500,90,105,1.5,60,,70,120,75,108,3,0
345,Lileep,rock,grass,['Suction Cups'; 'Storm Drain'],41,70,355,45,77,1,66,88.1,61,87,23,23.8,3,0
346,Cradily,rock,grass,['Suction Cups'; 'Storm Drain'],81,70,495,45,97,1.5,86,88.1,81,107,43,60.4,3,0
347,Anorith,rock,bug,['Battle Armor'; 'Swift Swim'],95,70,355,45,50,0.7,45,88.1,40,50,75,12.5,3,0
348,Armaldo,rock,bug,['Battle Armor'; 'Swift Swim'],125,70,495,45,100,1.5,75,88.1,70,80,45,68.2,3,0
349,Feebas,water,,['Swift Swim'; 'Oblivious'; 'Adaptability'],15,70,200,255,20,0.6,20,50,10,55,80,7.4,3,0
350,Milotic,water,,['Marvel Scale'; 'Competitive'; 'Cute Charm'],60,70,540,60,79,6.2,95,50,100,125,81,162,3,0
351,Castform,normal,,['Forecast'],70,70,420,45,70,0.3,70,50,70,70,70,0.8,3,0
352,Kecleon,normal,,['Color Change'; 'Protean'],90,70,440,200,70,1,60,50,60,120,40,22,3,0
353,Shuppet,ghost,,['Insomnia'; 'Frisk'; 'Cursed Body'],75,35,295,225,35,0.6,44,50,63,33,45,2.3,3,0
354,Banette,ghost,,['Insomnia'; 'Frisk'; 'Cursed Body'],165,35,555,45,75,1.1,64,50,93,83,75,12.5,3,0
355,Duskull,ghost,,['Levitate'; 'Frisk'],40,35,295,190,90,0.8,20,50,30,90,25,15,3,0
356,Dusclops,ghost,,['Pressure'; 'Frisk'],70,35,455,90,130,1.6,40,50,60,130,25,30.6,3,0
357,Tropius,grass,flying,['Chlorophyll'; 'Solar Power'; 'Harvest'],68,70,460,200,83,2,99,50,72,87,51,100,3,0
358,Chimecho,psychic,,['Levitate'],50,70,455,45,80,0.6,75,50,95,90,65,1,3,0
359,Absol,dark,,['Pressure'; 'Super Luck'; 'Justified'],150,35,565,30,60,1.2,65,50,115,60,115,47,3,0
360,Wynaut,psychic,,['Shadow Tag'; 'Telepathy'],23,70,260,125,48,0.6,95,50,23,48,23,14,3,0
361,Snorunt,ice,,['Inner Focus'; 'Ice Body'; 'Moody'],50,70,300,190,50,0.7,50,50,50,50,50,16.8,3,0
362,Glalie,ice,,['Inner Focus'; 'Ice Body'; 'Moody'],120,70,580,75,80,1.5,80,50,120,80,100,256.5,3,0
363,Spheal,ice,water,['Thick Fat'; 'Ice Body'; 'Oblivious'],40,70,290,255,50,0.8,70,50,55,50,25,39.5,3,0
364,Sealeo,ice,water,['Thick Fat'; 'Ice Body'; 'Oblivious'],60,70,410,120,70,1.1,90,50,75,70,45,87.6,3,0
365,Walrein,ice,water,['Thick Fat'; 'Ice Body'; 'Oblivious'],80,70,530,45,90,1.4,110,50,95,90,65,150.6,3,0
366,Clamperl,water,,['Shell Armor'; 'Rattled'],64,70,345,255,85,0.4,35,50,74,55,32,52.5,3,0
367,Huntail,water,,['Swift Swim'; 'Water Veil'],104,70,485,60,105,1.7,55,50,94,75,52,27,3,0
368,Gorebyss,water,,['Swift Swim'; 'Hydration'],84,70,485,60,105,1.8,55,50,114,75,52,22.6,3,0
369,Relicanth,water,rock,['Swift Swim'; 'Rock Head'; 'Sturdy'],90,70,485,25,130,1,100,88.1,45,65,55,23.4,3,0
370,Luvdisc,water,,['Swift Swim'; 'Hydration'],30,70,330,225,55,0.6,43,24.6,40,65,97,8.7,3,0
371,Bagon,dragon,,['Rock Head'; 'Sheer Force'],75,35,300,45,60,0.6,45,50,40,30,50,42.1,3,0
372,Shelgon,dragon,,['Rock Head'; 'Overcoat'],95,35,420,45,100,1.1,65,50,60,50,50,110.5,3,0
373,Salamence,dragon,flying,['Intimidate'; 'Moxie'],145,35,700,45,130,1.5,95,50,120,90,120,102.6,3,0
374,Beldum,steel,psychic,['Clear Body'; 'Light Metal'],55,35,300,3,80,0.6,40,,35,60,30,95.2,3,0
375,Metang,steel,psychic,['Clear Body'; 'Light Metal'],75,35,420,3,100,1.2,60,,55,80,50,202.5,3,0
376,Metagross,steel,psychic,['Clear Body'; 'Light Metal'],145,35,700,3,150,1.6,80,,105,110,110,550,3,0
377,Regirock,rock,,['Clear Body'; 'Sturdy'],100,35,580,3,200,1.7,80,,50,100,50,230,3,1
378,Regice,ice,,['Clear Body'; 'Ice Body'],50,35,580,3,100,1.8,80,,100,200,50,175,3,1
379,Registeel,steel,,['Clear Body'; 'Light Metal'],75,35,580,3,150,1.9,80,,75,150,50,205,3,1
380,Latias,dragon,psychic,['Levitate'],100,90,700,3,120,1.4,80,0,140,150,110,40,3,1
381,Latios,dragon,psychic,['Levitate'],130,90,700,3,100,2,80,100,160,120,110,60,3,1
382,Kyogre,water,,['Drizzle'],150,0,770,3,90,4.5,100,,180,160,90,352,3,1
383,Groudon,ground,,['Drought'],180,0,770,3,160,3.5,100,,150,90,90,950,3,1
384,Rayquaza,dragon,flying,['Air Lock'],180,0,780,45,100,7,105,,180,100,115,206.5,3,1
385,Jirachi,steel,psychic,['Serene Grace'],100,100,600,3,100,0.3,100,,100,100,100,1.1,3,1
386,Deoxys,psychic,,['Pressure'],95,0,600,3,90,1.7,50,,95,90,180,60.8,3,1
387,Turtwig,grass,,['Overgrow'; 'Shell Armor'],68,70,318,45,64,0.4,55,88.1,45,55,31,10.2,4,0
388,Grotle,grass,,['Overgrow'; 'Shell Armor'],89,70,405,45,85,1.1,75,88.1,55,65,36,97,4,0
389,Torterra,grass,ground,['Overgrow'; 'Shell Armor'],109,70,525,45,105,2.2,95,88.1,75,85,56,310,4,0
390,Chimchar,fire,,['Blaze'; 'Iron Fist'],58,70,309,45,44,0.5,44,88.1,58,44,61,6.2,4,0
391,Monferno,fire,fighting,['Blaze'; 'Iron Fist'],78,70,405,45,52,0.9,64,88.1,78,52,81,22,4,0
392,Infernape,fire,fighting,['Blaze'; 'Iron Fist'],104,70,534,45,71,1.2,76,88.1,104,71,108,55,4,0
393,Piplup,water,,['Torrent'; 'Defiant'],51,70,314,45,53,0.4,53,88.1,61,56,40,5.2,4,0
394,Prinplup,water,,['Torrent'; 'Defiant'],66,70,405,45,68,0.8,64,88.1,81,76,50,23,4,0
395,Empoleon,water,steel,['Torrent'; 'Defiant'],86,70,530,45,88,1.7,84,88.1,111,101,60,84.5,4,0
396,Starly,normal,flying,['Keen Eye'; 'Reckless'],55,70,245,255,30,0.3,40,50,30,30,60,2,4,0
397,Staravia,normal,flying,['Intimidate'; 'Reckless'],75,70,340,120,50,0.6,55,50,40,40,80,15.5,4,0
398,Staraptor,normal,flying,['Intimidate'; 'Reckless'],120,70,485,45,70,1.2,85,50,50,60,100,24.9,4,0
399,Bidoof,normal,,['Simple'; 'Unaware'; 'Moody'],45,70,250,255,40,0.5,59,50,35,40,31,20,4,0
400,Bibarel,normal,water,['Simple'; 'Unaware'; 'Moody'],85,70,410,127,60,1,79,50,55,60,71,31.5,4,0
401,Kricketot,bug,,['Shed Skin'; 'Run Away'],25,70,194,255,41,0.3,37,50,25,41,25,2.2,4,0
402,Kricketune,bug,,['Swarm'; 'Technician'],85,70,384,45,51,1,77,50,55,51,65,25.5,4,0
403,Shinx,electric,,['Rivalry'; 'Intimidate'; 'Guts'],65,70,263,235,34,0.5,45,50,40,34,45,9.5,4,0
404,Luxio,electric,,['Rivalry'; 'Intimidate'; 'Guts'],85,100,363,120,49,0.9,60,50,60,49,60,30.5,4,0
405,Luxray,electric,,['Rivalry'; 'Intimidate'; 'Guts'],120,70,523,45,79,1.4,80,50,95,79,70,42,4,0
406,Budew,grass,poison,['Natural Cure'; 'Poison Point'; 'Leaf Guard'],30,70,280,255,35,0.2,40,50,50,70,55,1.2,4,0
407,Roserade,grass,poison,['Natural Cure'; 'Poison Point'; 'Technician'],70,70,515,75,65,0.9,60,50,125,105,90,14.5,4,0
408,Cranidos,rock,,['Mold Breaker'; 'Sheer Force'],125,70,350,45,40,0.9,67,88.1,30,30,58,31.5,4,0
409,Rampardos,rock,,['Mold Breaker'; 'Sheer Force'],165,70,495,45,60,1.6,97,88.1,65,50,58,102.5,4,0
410,Shieldon,rock,steel,['Sturdy'; 'Soundproof'],42,70,350,45,118,0.5,30,88.1,42,88,30,57,4,0
411,Bastiodon,rock,steel,['Sturdy'; 'Soundproof'],52,70,495,45,168,1.3,60,88.1,47,138,30,149.5,4,0
412,Burmy,bug,,['Shed Skin'; 'Overcoat'],29,70,224,120,45,0.2,40,50,29,45,36,3.4,4,0
413,Wormadam,bug,grass,['Anticipation'; 'Overcoat'],69,70,424,45,95,0.5,60,0,69,95,36,6.5,4,0
414,Mothim,bug,flying,['Swarm'; 'Tinted Lens'],94,70,424,45,50,0.9,70,100,94,50,66,23.3,4,0
415,Combee,bug,flying,['Honey Gather'; 'Hustle'],30,70,244,120,42,0.3,30,88.1,30,42,70,5.5,4,0
416,Vespiquen,bug,flying,['Pressure'; 'Unnerve'],80,70,474,45,102,1.2,70,0,80,102,40,38.5,4,0
417,Pachirisu,electric,,['Run Away'; 'Pickup'; 'Volt Absorb'],45,100,405,200,70,0.4,60,50,45,90,95,3.9,4,0
418,Buizel,water,,['Swift Swim'; 'Water Veil'],65,70,330,190,35,0.7,55,50,60,30,85,29.5,4,0
419,Floatzel,water,,['Swift Swim'; 'Water Veil'],105,70,495,75,55,1.1,85,50,85,50,115,33.5,4,0
420,Cherubi,grass,,['Chlorophyll'],35,70,275,190,45,0.4,45,50,62,53,35,3.3,4,0
421,Cherrim,grass,,['Flower Gift'],60,70,450,75,70,0.5,70,50,87,78,85,9.3,4,0
422,Shellos,water,,['Sticky Hold'; 'Storm Drain'; 'Sand Force'],48,70,325,190,48,0.3,76,50,57,62,34,6.3,4,0
423,Gastrodon,water,ground,['Sticky Hold'; 'Storm Drain'; 'Sand Force'],83,70,475,75,68,0.9,111,50,92,82,39,29.9,4,0
424,Ambipom,normal,,['Technician'; 'Pickup'; 'Skill Link'],100,100,482,45,66,1.2,75,50,60,66,115,20.3,4,0
425,Drifloon,ghost,flying,['Aftermath'; 'Unburden'; 'Flare Boost'],50,70,348,125,34,0.4,90,50,60,44,70,1.2,4,0
426,Drifblim,ghost,flying,['Aftermath'; 'Unburden'; 'Flare Boost'],80,70,498,60,44,1.2,150,50,90,54,80,15,4,0
427,Buneary,normal,,['Run Away'; 'Klutz'; 'Limber'],66,0,350,190,44,0.4,55,50,44,56,85,5.5,4,0
428,Lopunny,normal,,['Cute Charm'; 'Klutz'; 'Limber'],136,140,580,60,94,1.2,65,50,54,96,135,33.3,4,0
429,Mismagius,ghost,,['Levitate'],60,35,495,45,60,0.9,60,50,105,105,105,4.4,4,0
430,Honchkrow,dark,flying,['Insomnia'; 'Super Luck'; 'Moxie'],125,35,505,30,52,0.9,100,50,105,52,71,27.3,4,0
431,Glameow,normal,,['Limber'; 'Own Tempo'; 'Keen Eye'],55,70,310,190,42,0.5,49,24.6,42,37,85,3.9,4,0
432,Purugly,normal,,['Thick Fat'; 'Own Tempo'; 'Defiant'],82,70,452,75,64,1,71,24.6,64,59,112,43.8,4,0
433,Chingling,psychic,,['Levitate'],30,70,285,120,50,0.2,45,50,65,50,45,0.6,4,0
434,Stunky,poison,dark,['Stench'; 'Aftermath'; 'Keen Eye'],63,70,329,225,47,0.4,63,50,41,41,74,19.2,4,0
435,Skuntank,poison,dark,['Stench'; 'Aftermath'; 'Keen Eye'],93,70,479,60,67,1,103,50,71,61,84,38,4,0
436,Bronzor,steel,psychic,['Levitate'; 'Heatproof'; 'Heavy Metal'],24,70,300,255,86,0.5,57,,24,86,23,60.5,4,0
437,Bronzong,steel,psychic,['Levitate'; 'Heatproof'; 'Heavy Metal'],89,70,500,90,116,1.3,67,,79,116,33,187,4,0
438,Bonsly,rock,,['Sturdy'; 'Rock Head'; 'Rattled'],80,70,290,255,95,0.5,50,50,10,45,10,15,4,0
439,Mime Jr.,psychic,fairy,['Soundproof'; 'Filter'; 'Technician'],25,70,310,145,45,0.6,20,50,70,90,60,13,4,0
440,Happiny,normal,,['Natural Cure'; 'Serene Grace'; 'Friend Guard'],5,140,220,130,5,0.6,100,0,15,65,30,24.4,4,0
441,Chatot,normal,flying,['Keen Eye'; 'Tangled Feet'; 'Big Pecks'],65,35,411,30,45,0.5,76,50,92,42,91,1.9,4,0
442,Spiritomb,ghost,dark,['Pressure'; 'Infiltrator'],92,70,485,100,108,1,50,50,92,108,35,108,4,0
443,Gible,dragon,ground,['Sand Veil'; 'Rough Skin'],70,70,300,45,45,0.7,58,50,40,45,42,20.5,4,0
444,Gabite,dragon,ground,['Sand Veil'; 'Rough Skin'],90,70,410,45,65,1.4,68,50,50,55,82,56,4,0
445,Garchomp,dragon,ground,['Sand Veil'; 'Rough Skin'],170,70,700,45,115,1.9,108,50,120,95,92,95,4,0
446,Munchlax,normal,,['Pickup'; 'Thick Fat'; 'Gluttony'],85,70,390,50,40,0.6,135,88.1,40,85,5,105,4,0
447,Riolu,fighting,,['Steadfast'; 'Inner Focus'; 'Prankster'],70,70,285,75,40,0.7,40,88.1,35,40,60,20.2,4,0
448,Lucario,fighting,steel,['Steadfast'; 'Inner Focus'; 'Justified'],145,70,625,45,88,1.2,70,88.1,140,70,112,54,4,0
449,Hippopotas,ground,,['Sand Stream'; 'Sand Force'],72,70,330,140,78,0.8,68,50,38,42,32,49.5,4,0
450,Hippowdon,ground,,['Sand Stream'; 'Sand Force'],112,70,525,60,118,2,108,50,68,72,47,300,4,0
451,Skorupi,poison,bug,['Battle Armor'; 'Sniper'; 'Keen Eye'],50,70,330,120,90,0.8,40,50,30,55,65,12,4,0
452,Drapion,poison,dark,['Battle Armor'; 'Sniper'; 'Keen Eye'],90,70,500,45,110,1.3,70,50,60,75,95,61.5,4,0
453,Croagunk,poison,fighting,['Anticipation'; 'Dry Skin'; 'Poison Touch'],61,100,300,140,40,0.7,48,50,61,40,50,23,4,0
454,Toxicroak,poison,fighting,['Anticipation'; 'Dry Skin'; 'Poison Touch'],106,70,490,75,65,1.3,83,50,86,65,85,44.4,4,0
455,Carnivine,grass,,['Levitate'],100,70,454,200,72,1.4,74,50,90,72,46,27,4,0
456,Finneon,water,,['Swift Swim'; 'Storm Drain'; 'Water Veil'],49,70,330,190,56,0.4,49,50,49,61,66,7,4,0
457,Lumineon,water,,['Swift Swim'; 'Storm Drain'; 'Water Veil'],69,70,460,75,76,1.2,69,50,69,86,91,24,4,0
458,Mantyke,water,flying,['Swift Swim'; 'Water Absorb'; 'Water Veil'],20,70,345,25,50,1,45,50,60,120,50,65,4,0
459,Snover,grass,ice,['Snow Warning'; 'Soundproof'],62,70,334,120,50,1,60,50,62,60,40,50.5,4,0
460,Abomasnow,grass,ice,['Snow Warning'; 'Soundproof'],132,70,594,60,105,2.2,90,50,132,105,30,135.5,4,0
461,Weavile,dark,ice,['Pressure'; 'Pickpocket'],120,35,510,45,65,1.1,70,50,45,85,125,34,4,0
462,Magnezone,electric,steel,['Magnet Pull'; 'Sturdy'; 'Analytic'],70,70,535,30,115,1.2,70,,130,90,60,180,4,0
463,Lickilicky,normal,,['Own Tempo'; 'Oblivious'; 'Cloud Nine'],85,70,515,30,95,1.7,110,50,80,95,50,140,4,0
464,Rhyperior,ground,rock,['Lightningrod'; 'Solid Rock'; 'Reckless'],140,70,535,30,130,2.4,115,50,55,55,40,282.8,4,0
465,Tangrowth,grass,,['Chlorophyll'; 'Leaf Guard'; 'Regenerator'],100,70,535,30,125,2,100,50,110,50,50,128.6,4,0
466,Electivire,electric,,['Motor Drive'; 'Vital Spirit'],123,70,540,30,67,1.8,75,75.4,95,85,95,138.6,4,0
467,Magmortar,fire,,['Flame Body'; 'Vital Spirit'],95,70,540,30,67,1.6,75,75.4,125,95,83,68,4,0
468,Togekiss,fairy,flying,['Hustle'; 'Serene Grace'; 'Super Luck'],50,70,545,30,95,1.5,85,88.1,120,115,80,38,4,0
469,Yanmega,bug,flying,['Speed Boost'; 'Tinted Lens'; 'Frisk'],76,70,515,30,86,1.9,86,50,116,56,95,51.5,4,0
470,Leafeon,grass,,['Leaf Guard'; 'Chlorophyll'],110,35,525,45,130,1,65,88.1,60,65,95,25.5,4,0
471,Glaceon,ice,,['Snow Cloak'; 'Ice Body'],60,35,525,45,110,0.8,65,88.1,130,95,65,25.9,4,0
472,Gliscor,ground,flying,['Hyper Cutter'; 'Sand Veil'; 'Poison Heal'],95,70,510,30,125,2,75,50,45,75,95,42.5,4,0
473,Mamoswine,ice,ground,['Oblivious'; 'Snow Cloak'; 'Thick Fat'],130,70,530,50,80,2.5,110,50,70,60,80,291,4,0
474,Porygon-Z,normal,,['Adaptability'; 'Download'; 'Analytic'],80,70,535,30,70,0.9,85,,135,75,90,34,4,0
475,Gallade,psychic,fighting,['Steadfast'; 'Justified'],165,35,618,45,95,1.6,68,100,65,115,110,52,4,0
476,Probopass,rock,steel,['Sturdy'; 'Magnet Pull'; 'Sand Force'],55,70,525,60,145,1.4,60,50,75,150,40,340,4,0
477,Dusknoir,ghost,,['Pressure'; 'Frisk'],100,35,525,45,135,2.2,45,50,65,135,45,106.6,4,0
478,Froslass,ice,ghost,['Snow Cloak'; 'Cursed Body'],80,70,480,75,70,1.3,70,0,80,70,110,26.6,4,0
479,Rotom,electric,ghost,['Levitate'],65,70,520,45,107,0.3,50,,105,107,86,0.3,4,0
480,Uxie,psychic,,['Levitate'],75,140,580,3,130,0.3,75,,75,130,95,0.3,4,1
481,Mesprit,psychic,,['Levitate'],105,140,580,3,105,0.3,80,,105,105,80,0.3,4,1
482,Azelf,psychic,,['Levitate'],125,140,580,3,70,0.3,75,,125,70,115,0.3,4,1
483,Dialga,steel,dragon,['Pressure'; 'Telepathy'],120,0,680,3,120,5.4,100,,150,100,90,683,4,1
484,Palkia,water,dragon,['Pressure'; 'Telepathy'],120,0,680,3,100,4.2,90,,150,120,100,336,4,1
485,Heatran,fire,steel,['Flash Fire'; 'Flame Body'],90,100,600,3,106,1.7,91,50,130,106,77,430,4,1
486,Regigigas,normal,,['Slow Start'],160,0,670,3,110,3.7,110,,80,110,100,420,4,1
487,Giratina,ghost,dragon,['Pressure'; 'Telepathy'; 'Levitate'],120,0,680,3,100,4.5,150,,120,100,90,750,4,1
488,Cresselia,psychic,,['Levitate'],70,100,600,3,120,1.5,120,0,75,130,85,85.6,4,1
489,Phione,water,,['Hydration'],80,70,480,30,80,0.4,80,,80,80,80,3.1,4,0
490,Manaphy,water,,['Hydration'],100,70,600,3,100,0.3,100,,100,100,100,1.4,4,1
491,Darkrai,dark,,['Bad Dreams'],90,0,600,3,90,1.5,70,,135,90,125,50.5,4,1
492,Shaymin,grass,grass,['Natural Cure'; 'Serene Grace'],103,100,600,45,75,0.2,100,,120,75,127,2.1,4,1
493,Arceus,normal,,['Multitype'],120,0,720,3,120,3.2,120,,120,120,120,320,4,1
494,Victini,psychic,fire,['Victory Star'],100,100,600,3,100,0.4,100,,100,100,100,4,5,1
495,Snivy,grass,,['Overgrow'; 'Contrary'],45,70,308,45,55,0.6,45,88.1,45,55,63,8.1,5,0
496,Servine,grass,,['Overgrow'; 'Contrary'],60,70,413,45,75,0.8,60,88.1,60,75,83,16,5,0
497,Serperior,grass,,['Overgrow'; 'Contrary'],75,70,528,45,95,3.3,75,88.1,75,95,113,63,5,0
498,Tepig,fire,,['Blaze'; 'Thick Fat'],63,70,308,45,45,0.5,65,88.1,45,45,45,9.9,5,0
499,Pignite,fire,fighting,['Blaze'; 'Thick Fat'],93,70,418,45,55,1,90,88.1,70,55,55,55.5,5,0
500,Emboar,fire,fighting,['Blaze'; 'Reckless'],123,70,528,45,65,1.6,110,88.1,100,65,65,150,5,0
501,Oshawott,water,,['Torrent'; 'Shell Armor'],55,70,308,45,45,0.5,55,88.1,63,45,45,5.9,5,0
502,Dewott,water,,['Torrent'; 'Shell Armor'],75,70,413,45,60,0.8,75,88.1,83,60,60,24.5,5,0
503,Samurott,water,,['Torrent'; 'Shell Armor'],100,70,528,45,85,1.5,95,88.1,108,70,70,94.6,5,0
504,Patrat,normal,,['Run Away'; 'Keen Eye'; 'Analytic'],55,70,255,255,39,0.5,45,50,35,39,42,11.6,5,0
505,Watchog,normal,,['Illuminate'; 'Keen Eye'; 'Analytic'],85,70,420,255,69,1.1,60,50,60,69,77,27,5,0
506,Lillipup,normal,,['Vital Spirit'; 'Pickup'; 'Run Away'],60,70,275,255,45,0.4,45,50,25,45,55,4.1,5,0
507,Herdier,normal,,['Intimidate'; 'Sand Rush'; 'Scrappy'],80,70,370,120,65,0.9,65,50,35,65,60,14.7,5,0
508,Stoutland,normal,,['Intimidate'; 'Sand Rush'; 'Scrappy'],110,70,500,45,90,1.2,85,50,45,90,80,61,5,0
509,Purrloin,dark,,['Limber'; 'Unburden'; 'Prankster'],50,70,281,255,37,0.4,41,50,50,37,66,10.1,5,0
510,Liepard,dark,,['Limber'; 'Unburden'; 'Prankster'],88,70,446,90,50,1.1,64,50,88,50,106,37.5,5,0
511,Pansage,grass,,['Gluttony'; 'Overgrow'],53,70,316,190,48,0.6,50,88.1,53,48,64,10.5,5,0
512,Simisage,grass,,['Gluttony'; 'Overgrow'],98,70,498,75,63,1.1,75,88.1,98,63,101,30.5,5,0
513,Pansear,fire,,['Gluttony'; 'Blaze'],53,70,316,190,48,0.6,50,88.1,53,48,64,11,5,0
514,Simisear,fire,,['Gluttony'; 'Blaze'],98,70,498,75,63,1,75,88.1,98,63,101,28,5,0
515,Panpour,water,,['Gluttony'; 'Torrent'],53,70,316,190,48,0.6,50,88.1,53,48,64,13.5,5,0
516,Simipour,water,,['Gluttony'; 'Torrent'],98,70,498,75,63,1,75,88.1,98,63,101,29,5,0
517,Munna,psychic,,['Forewarn'; 'Synchronize'; 'Telepathy'],25,70,292,190,45,0.6,76,50,67,55,24,23.3,5,0
518,Musharna,psychic,,['Forewarn'; 'Synchronize'; 'Telepathy'],55,70,487,75,85,1.1,116,50,107,95,29,60.5,5,0
519,Pidove,normal,flying,['Big Pecks'; 'Super Luck'; 'Rivalry'],55,70,264,255,50,0.3,50,50,36,30,43,2.1,5,0
520,Tranquill,normal,flying,['Big Pecks'; 'Super Luck'; 'Rivalry'],77,70,358,120,62,0.6,62,50,50,42,65,15,5,0
521,Unfezant,normal,flying,['Big Pecks'; 'Super Luck'; 'Rivalry'],115,70,488,45,80,1.2,80,50,65,55,93,29,5,0
522,Blitzle,electric,,['Lightningrod'; 'Motor Drive'; 'Sap Sipper'],60,70,295,190,32,0.8,45,50,50,32,76,29.8,5,0
523,Zebstrika,electric,,['Lightningrod'; 'Motor Drive'; 'Sap Sipper'],100,70,497,75,63,1.6,75,50,80,63,116,79.5,5,0
524,Roggenrola,rock,,['Sturdy'; 'Weak Armor'; 'Sand Force'],75,70,280,255,85,0.4,55,50,25,25,15,18,5,0
525,Boldore,rock,,['Sturdy'; 'Weak Armor'; 'Sand Force'],105,70,390,120,105,0.9,70,50,50,40,20,102,5,0
526,Gigalith,rock,,['Sturdy'; 'Sand Stream'; 'Sand Force'],135,70,515,45,130,1.7,85,50,60,80,25,260,5,0
527,Woobat,psychic,flying,['Unaware'; 'Klutz'; 'Simple'],45,70,323,190,43,0.4,65,50,55,43,72,2.1,5,0
528,Swoobat,psychic,flying,['Unaware'; 'Klutz'; 'Simple'],57,70,425,45,55,0.9,67,50,77,55,114,10.5,5,0
529,Drilbur,ground,,['Sand Rush'; 'Sand Force'; 'Mold Breaker'],85,70,328,120,40,0.3,60,50,30,45,68,8.5,5,0
530,Excadrill,ground,steel,['Sand Rush'; 'Sand Force'; 'Mold Breaker'],135,70,508,60,60,0.7,110,50,50,65,88,40.4,5,0
531,Audino,normal,,['Healer'; 'Regenerator'; 'Klutz'],60,70,545,255,126,1.1,103,50,80,126,50,31,5,0
532,Timburr,fighting,,['Guts'; 'Sheer Force'; 'Iron Fist'],80,70,305,180,55,0.6,75,75.4,25,35,35,12.5,5,0
533,Gurdurr,fighting,,['Guts'; 'Sheer Force'; 'Iron Fist'],105,70,405,90,85,1.2,85,75.4,40,50,40,40,5,0
534,Conkeldurr,fighting,,['Guts'; 'Sheer Force'; 'Iron Fist'],140,70,505,45,95,1.4,105,75.4,55,65,45,87,5,0
535,Tympole,water,,['Swift Swim'; 'Hydration'; 'Water Absorb'],50,70,294,255,40,0.5,50,50,50,40,64,4.5,5,0
536,Palpitoad,water,ground,['Swift Swim'; 'Hydration'; 'Water Absorb'],65,70,384,120,55,0.8,75,50,65,55,69,17,5,0
537,Seismitoad,water,ground,['Swift Swim'; 'Poison Touch'; 'Water Absorb'],95,70,509,45,75,1.5,105,50,85,75,74,62,5,0
538,Throh,fighting,,['Guts'; 'Inner Focus'; 'Mold Breaker'],100,70,465,45,85,1.3,120,100,30,85,45,55.5,5,0
539,Sawk,fighting,,['Sturdy'; 'Inner Focus'; 'Mold Breaker'],125,70,465,45,75,1.4,75,100,30,75,85,51,5,0
540,Sewaddle,bug,grass,['Swarm'; 'Chlorophyll'; 'Overcoat'],53,70,310,255,70,0.3,45,50,40,60,42,2.5,5,0
541,Swadloon,bug,grass,['Leaf Guard'; 'Chlorophyll'; 'Overcoat'],63,70,380,120,90,0.5,55,50,50,80,42,7.3,5,0
542,Leavanny,bug,grass,['Swarm'; 'Chlorophyll'; 'Overcoat'],103,70,500,45,80,1.2,75,50,70,80,92,20.5,5,0
543,Venipede,bug,poison,['Poison Point'; 'Swarm'; 'Speed Boost'],45,70,260,255,59,0.4,30,50,30,39,57,5.3,5,0
544,Whirlipede,bug,poison,['Poison Point'; 'Swarm'; 'Speed Boost'],55,70,360,120,99,1.2,40,50,40,79,47,58.5,5,0
545,Scolipede,bug,poison,['Poison Point'; 'Swarm'; 'Speed Boost'],100,70,485,45,89,2.5,60,50,55,69,112,200.5,5,0
546,Cottonee,grass,fairy,['Prankster'; 'Infiltrator'; 'Chlorophyll'],27,70,280,190,60,0.3,40,50,37,50,66,0.6,5,0
547,Whimsicott,grass,fairy,['Prankster'; 'Infiltrator'; 'Chlorophyll'],67,70,480,75,85,0.7,60,50,77,75,116,6.6,5,0
548,Petilil,grass,,['Chlorophyll'; 'Own Tempo'; 'Leaf Guard'],35,70,280,190,50,0.5,45,0,70,50,30,6.6,5,0
549,Lilligant,grass,,['Chlorophyll'; 'Own Tempo'; 'Leaf Guard'],60,70,480,75,75,1.1,70,0,110,75,90,16.3,5,0
550,Basculin,water,,['Reckless'; 'Rock Head'; 'Adaptability'; 'Mold Breaker'],92,70,460,25,65,1,70,50,80,55,98,18,5,0
551,Sandile,ground,dark,['Intimidate'; 'Moxie'; 'Anger Point'],72,70,292,180,35,0.7,50,50,35,35,65,15.2,5,0
552,Krokorok,ground,dark,['Intimidate'; 'Moxie'; 'Anger Point'],82,70,351,90,45,1,60,50,45,45,74,33.4,5,0
553,Krookodile,ground,dark,['Intimidate'; 'Moxie'; 'Anger Point'],117,70,519,45,80,1.5,95,50,65,70,92,96.3,5,0
554,Darumaka,fire,,['Hustle'; 'Inner Focus'],90,70,315,120,45,0.6,70,50,15,45,50,37.5,5,0
555,Darmanitan,fire,fire,['Sheer Force'; 'Zen Mode'],30,70,540,60,105,1.3,105,50,140,105,55,92.9,5,0
556,Maractus,grass,,['Water Absorb'; 'Chlorophyll'; 'Storm Drain'],86,70,461,255,67,1,75,50,106,67,60,28,5,0
557,Dwebble,bug,rock,['Sturdy'; 'Shell Armor'; 'Weak Armor'],65,70,325,190,85,0.3,50,50,35,35,55,14.5,5,0
558,Crustle,bug,rock,['Sturdy'; 'Shell Armor'; 'Weak Armor'],105,70,485,75,125,1.4,70,50,65,75,45,200,5,0
559,Scraggy,dark,fighting,['Shed Skin'; 'Moxie'; 'Intimidate'],75,35,348,180,70,0.6,50,50,35,70,48,11.8,5,0
560,Scrafty,dark,fighting,['Shed Skin'; 'Moxie'; 'Intimidate'],90,70,488,90,115,1.1,65,50,45,115,58,30,5,0
561,Sigilyph,psychic,flying,['Wonder Skin '; 'Magic Guard'; 'Tinted Lens'],58,70,490,45,80,1.4,72,50,103,80,97,14,5,0
562,Yamask,ghost,,['Mummy'],30,70,303,190,85,0.5,38,50,55,65,30,1.5,5,0
563,Cofagrigus,ghost,,['Mummy'],50,70,483,90,145,1.7,58,50,95,105,30,76.5,5,0
564,Tirtouga,water,rock,['Solid Rock'; 'Sturdy'; 'Swift Swim'],78,70,355,45,103,0.7,54,88.1,53,45,22,16.5,5,0
565,Carracosta,water,rock,['Solid Rock'; 'Sturdy'; 'Swift Swim'],108,70,495,45,133,1.2,74,88.1,83,65,32,81,5,0
566,Archen,rock,flying,['Defeatist'],112,70,401,45,45,0.5,55,88.1,74,45,70,9.5,5,0
567,Archeops,rock,flying,['Defeatist'],140,70,567,45,65,1.4,75,88.1,112,65,110,32,5,0
568,Trubbish,poison,,['Stench'; 'Sticky Hold'; 'Aftermath'],50,70,329,190,62,0.6,50,50,40,62,65,31,5,0
569,Garbodor,poison,,['Stench'; 'Weak Armor'; 'Aftermath'],95,70,474,60,82,1.9,80,50,60,82,75,107.3,5,0
570,Zorua,dark,,['Illusion'],65,70,330,75,40,0.7,40,88.1,80,40,65,12.5,5,0
571,Zoroark,dark,,['Illusion'],105,70,510,45,60,1.6,60,88.1,120,60,105,81.1,5,0
572,Minccino,normal,,['Cute Charm'; 'Technician'; 'Skill Link'],50,70,300,255,40,0.4,55,24.6,40,40,75,5.8,5,0
573,Cinccino,normal,,['Cute Charm'; 'Technician'; 'Skill Link'],95,70,470,60,60,0.5,75,24.6,65,60,115,7.5,5,0
574,Gothita,psychic,,['Frisk'; 'Competitive'; 'Shadow Tag'],30,70,290,200,50,0.4,45,24.6,55,65,45,5.8,5,0
575,Gothorita,psychic,,['Frisk'; 'Competitive'; 'Shadow Tag'],45,70,390,100,70,0.7,60,24.6,75,85,55,18,5,0
576,Gothitelle,psychic,,['Frisk'; 'Competitive'; 'Shadow Tag'],55,70,490,50,95,1.5,70,24.6,95,110,65,44,5,0
577,Solosis,psychic,,['Overcoat'; 'Magic Guard'; 'Regenerator'],30,70,290,200,40,0.3,45,50,105,50,20,1,5,0
578,Duosion,psychic,,['Overcoat'; 'Magic Guard'; 'Regenerator'],40,70,370,100,50,0.6,65,50,125,60,30,8,5,0
579,Reuniclus,psychic,,['Overcoat'; 'Magic Guard'; 'Regenerator'],65,70,490,50,75,1,110,50,125,85,30,20.1,5,0
580,Ducklett,water,flying,['Keen Eye'; 'Big Pecks'; 'Hydration'],44,70,305,190,50,0.5,62,50,44,50,55,5.5,5,0
581,Swanna,water,flying,['Keen Eye'; 'Big Pecks'; 'Hydration'],87,70,473,45,63,1.3,75,50,87,63,98,24.2,5,0
582,Vanillite,ice,,['Ice Body'; 'Snow Cloak'; 'Weak Armor'],50,70,305,255,50,0.4,36,50,65,60,44,5.7,5,0
583,Vanillish,ice,,['Ice Body'; 'Snow Cloak'; 'Weak Armor'],65,70,395,120,65,1.1,51,50,80,75,59,41,5,0
584,Vanilluxe,ice,,['Ice Body'; 'Snow Warning'; 'Weak Armor'],95,70,535,45,85,1.3,71,50,110,95,79,57.5,5,0
585,Deerling,normal,grass,['Chlorophyll'; 'Sap Sipper'; 'Serene Grace'],60,70,335,190,50,0.6,60,50,40,50,75,19.5,5,0
586,Sawsbuck,normal,grass,['Chlorophyll'; 'Sap Sipper'; 'Serene Grace'],100,70,475,75,70,1.9,80,50,60,70,95,92.5,5,0
587,Emolga,electric,flying,['Static'; 'Motor Drive'],75,70,428,200,60,0.4,55,50,75,60,103,5,5,0
588,Karrablast,bug,,['Swarm'; 'Shed Skin'; 'No Guard'],75,70,315,200,45,0.5,50,50,40,45,60,5.9,5,0
589,Escavalier,bug,steel,['Swarm'; 'Shell Armor'; 'Overcoat'],135,70,495,75,105,1,70,50,60,105,20,33,5,0
590,Foongus,grass,poison,['Effect Spore'; 'Regenerator'],55,70,294,190,45,0.2,69,50,55,55,15,1,5,0
591,Amoonguss,grass,poison,['Effect Spore'; 'Regenerator'],85,70,464,75,70,0.6,114,50,85,80,30,10.5,5,0
592,Frillish,water,ghost,['Water Absorb'; 'Cursed Body'; 'Damp'],40,70,335,190,50,1.2,55,50,65,85,40,33,5,0
593,Jellicent,water,ghost,['Water Absorb'; 'Cursed Body'; 'Damp'],60,70,480,60,70,2.2,100,50,85,105,60,135,5,0
594,Alomomola,water,,['Healer'; 'Hydration'; 'Regenerator'],75,70,470,75,80,1.2,165,50,40,45,65,31.6,5,0
595,Joltik,bug,electric,['Compoundeyes'; 'Unnerve'; 'Swarm'],47,70,319,190,50,0.1,50,50,57,50,65,0.6,5,0
596,Galvantula,bug,electric,['Compoundeyes'; 'Unnerve'; 'Swarm'],77,70,472,75,60,0.8,70,50,97,60,108,14.3,5,0
597,Ferroseed,grass,steel,['Iron Barbs'],50,70,305,255,91,0.6,44,50,24,86,10,18.8,5,0
598,Ferrothorn,grass,steel,['Iron Barbs'; 'Anticipation'],94,70,489,90,131,1,74,50,54,116,20,110,5,0
599,Klink,steel,,['Plus'; 'Minus'; 'Clear Body'],55,70,300,130,70,0.3,40,,45,60,30,21,5,0
600,Klang,steel,,['Plus'; 'Minus'; 'Clear Body'],80,70,440,60,95,0.6,60,,70,85,50,51,5,0
601,Klinklang,steel,,['Plus'; 'Minus'; 'Clear Body'],100,70,520,30,115,0.6,60,,70,85,90,81,5,0
602,Tynamo,electric,,['Levitate'],55,70,275,190,40,0.2,35,50,45,40,60,0.3,5,0
603,Eelektrik,electric,,['Levitate'],85,70,405,60,70,1.2,65,50,75,70,40,22,5,0
604,Eelektross,electric,,['Levitate'],115,70,515,30,80,2.1,85,50,105,80,50,80.5,5,0
605,Elgyem,psychic,,['Telepathy'; 'Synchronize'; 'Analytic'],55,70,335,255,55,0.5,55,50,85,55,30,9,5,0
606,Beheeyem,psychic,,['Telepathy'; 'Synchronize'; 'Analytic'],75,70,485,90,75,1,75,50,125,95,40,34.5,5,0
607,Litwick,ghost,fire,['Flash Fire'; 'Flame Body'; 'Infiltrator'],30,70,275,190,55,0.3,50,50,65,55,20,3.1,5,0
608,Lampent,ghost,fire,['Flash Fire'; 'Flame Body'; 'Infiltrator'],40,70,370,90,60,0.6,60,50,95,60,55,13,5,0
609,Chandelure,ghost,fire,['Flash Fire'; 'Flame Body'; 'Infiltrator'],55,70,520,45,90,1,60,50,145,90,80,34.3,5,0
610,Axew,dragon,,['Rivalry'; 'Mold Breaker'; 'Unnerve'],87,35,320,75,60,0.6,46,50,30,40,57,18,5,0
611,Fraxure,dragon,,['Rivalry'; 'Mold Breaker'; 'Unnerve'],117,35,410,60,70,1,66,50,40,50,67,36,5,0
612,Haxorus,dragon,,['Rivalry'; 'Mold Breaker'; 'Unnerve'],147,35,540,45,90,1.8,76,50,60,70,97,105.5,5,0
613,Cubchoo,ice,,['Snow Cloak'; 'Slush Rush'; 'Rattled'],70,70,305,120,40,0.5,55,50,60,40,40,8.5,5,0
614,Beartic,ice,,['Snow Cloak'; 'Slush Rush'; 'Swift Swim'],130,70,505,60,80,2.6,95,50,70,80,50,260,5,0
615,Cryogonal,ice,,['Levitate'],50,70,515,25,50,1.1,80,,95,135,105,148,5,0
616,Shelmet,bug,,['Hydration'; 'Shell Armor'; 'Overcoat'],40,70,305,200,85,0.4,50,50,40,65,25,7.7,5,0
617,Accelgor,bug,,['Hydration'; 'Sticky Hold'; 'Unburden'],70,70,495,75,40,0.8,80,50,100,60,145,25.3,5,0
618,Stunfisk,ground,electric,['Static'; 'Limber'; 'Sand Veil'],66,70,471,75,84,0.7,109,50,81,99,32,11,5,0
619,Mienfoo,fighting,,['Inner Focus'; 'Regenerator'; 'Reckless'],85,70,350,180,50,0.9,45,50,55,50,65,20,5,0
620,Mienshao,fighting,,['Inner Focus'; 'Regenerator'; 'Reckless'],125,70,510,45,60,1.4,65,50,95,60,105,35.5,5,0
621,Druddigon,dragon,,['Rough Skin'; 'Sheer Force'; 'Mold Breaker'],120,70,485,45,90,1.6,77,50,60,90,48,139,5,0
622,Golett,ground,ghost,['Iron Fist'; 'Klutz'; 'No Guard'],74,70,303,190,50,1,59,,35,50,35,92,5,0
623,Golurk,ground,ghost,['Iron Fist'; 'Klutz'; 'No Guard'],124,70,483,90,80,2.8,89,,55,80,55,330,5,0
624,Pawniard,dark,steel,['Defiant'; 'Inner Focus'; 'Pressure'],85,35,340,120,70,0.5,45,50,40,40,60,10.2,5,0
625,Bisharp,dark,steel,['Defiant'; 'Inner Focus'; 'Pressure'],125,35,490,45,100,1.6,65,50,60,70,70,70,5,0
626,Bouffalant,normal,,['Reckless'; 'Sap Sipper'; 'Soundproof'],110,70,490,45,95,1.6,95,50,40,95,55,94.6,5,0
627,Rufflet,normal,flying,['Keen Eye'; 'Sheer Force'; 'Hustle'],83,70,350,190,50,0.5,70,100,37,50,60,10.5,5,0
628,Braviary,normal,flying,['Keen Eye'; 'Sheer Force'; 'Defiant'],123,70,510,60,75,1.5,100,100,57,75,80,41,5,0
629,Vullaby,dark,flying,['Big Pecks'; 'Overcoat'; 'Weak Armor'],55,35,370,190,75,0.5,70,0,45,65,60,9,5,0
630,Mandibuzz,dark,flying,['Big Pecks'; 'Overcoat'; 'Weak Armor'],65,35,510,60,105,1.2,110,0,55,95,80,39.5,5,0
631,Heatmor,fire,,['Gluttony'; 'Flash Fire'; 'White Smoke'],97,70,484,90,66,1.4,85,50,105,66,65,58,5,0
632,Durant,bug,steel,['Swarm'; 'Hustle'; 'Truant'],109,70,484,90,112,0.3,58,50,48,48,109,33,5,0
633,Deino,dark,dragon,['Hustle'],65,35,300,45,50,0.8,52,50,45,50,38,17.3,5,0
634,Zweilous,dark,dragon,['Hustle'],85,35,420,45,70,1.4,72,50,65,70,58,50,5,0
635,Hydreigon,dark,dragon,['Levitate'],105,35,600,45,90,1.8,92,50,125,90,98,160,5,0
636,Larvesta,bug,fire,['Flame Body'; 'Swarm'],85,70,360,45,55,1.1,55,50,50,55,60,28.8,5,0
637,Volcarona,bug,fire,['Flame Body'; 'Swarm'],60,70,550,15,65,1.6,85,50,135,105,100,46,5,0
638,Cobalion,steel,fighting,['Justified'],90,35,580,3,129,2.1,91,,90,72,108,250,5,1
639,Terrakion,rock,fighting,['Justified'],129,35,580,3,90,1.9,91,,72,90,108,260,5,1
640,Virizion,grass,fighting,['Justified'],90,35,580,3,72,2,91,,90,129,108,200,5,1
641,Tornadus,flying,,['Prankster'; 'Defiant'; 'Regenerator'],100,90,580,3,80,1.5,79,100,110,90,121,63,5,1
642,Thundurus,electric,flying,['Prankster'; 'Defiant'; 'Volt Absorb'],105,90,580,3,70,1.5,79,100,145,80,101,61,5,1
643,Reshiram,dragon,fire,['Turboblaze'],120,0,680,3,100,3.2,100,,150,120,90,330,5,1
644,Zekrom,dragon,electric,['Teravolt'],150,0,680,3,120,2.9,100,,120,100,90,345,5,1
645,Landorus,ground,flying,['Sand Force'; 'Sheer Force'; 'Intimidate'],145,90,600,3,90,1.5,89,100,105,80,91,68,5,1
646,Kyurem,dragon,ice,['Pressure'; 'Teravolt'; 'Turboblaze'],120,0,700,3,90,3,125,,170,100,95,325,5,1
647,Keldeo,water,fighting,['Justified'],72,35,580,3,90,1.4,91,,129,90,108,48.5,5,1
648,Meloetta,normal,psychic,['Serene Grace'],128,100,600,3,90,0.6,100,,77,77,128,6.5,5,1
649,Genesect,bug,steel,['Download'],120,0,600,3,95,1.5,71,,120,95,99,82.5,5,1
650,Chespin,grass,,['Overgrow'; 'Bulletproof'],61,70,313,45,65,0.4,56,88.1,48,45,38,9,6,0
651,Quilladin,grass,,['Overgrow'; 'Bulletproof'],78,70,405,45,95,0.7,61,88.1,56,58,57,29,6,0
652,Chesnaught,grass,fighting,['Overgrow'; 'Bulletproof'],107,70,530,45,122,1.6,88,88.1,74,75,64,90,6,0
653,Fennekin,fire,,['Blaze'; 'Magician'],45,70,307,45,40,0.4,40,88.1,62,60,60,9.4,6,0
654,Braixen,fire,,['Blaze'; 'Magician'],59,70,409,45,58,1,59,88.1,90,70,73,14.5,6,0
655,Delphox,fire,psychic,['Blaze'; 'Magician'],69,70,534,45,72,1.5,75,88.1,114,100,104,39,6,0
656,Froakie,water,,['Torrent'; 'Protean'],56,70,314,45,40,0.3,41,88.1,62,44,71,7,6,0
657,Frogadier,water,,['Torrent'; 'Protean'],63,70,405,45,52,0.6,54,88.1,83,56,97,10.9,6,0
658,Greninja,water,dark,['Torrent'; 'Protean'; 'Battle Bond'],145,70,640,45,67,1.5,72,88.1,153,71,132,40,6,0
659,Bunnelby,normal,,['Pickup'; 'Cheek Pouch'; 'Huge Power'],36,70,237,255,38,0.4,38,50,32,36,57,5,6,0
660,Diggersby,normal,ground,['Pickup'; 'Cheek Pouch'; 'Huge Power'],56,70,423,127,77,1,85,50,50,77,78,42.4,6,0
661,Fletchling,normal,flying,['Big Pecks'; 'Gale Wings'],50,70,278,255,43,0.3,45,50,40,38,62,1.7,6,0
662,Fletchinder,fire,flying,['Flame Body'; 'Gale Wings'],73,70,382,120,55,0.7,62,50,56,52,84,16,6,0
663,Talonflame,fire,flying,['Flame Body'; 'Gale Wings'],81,70,499,45,71,1.2,78,50,74,69,126,24.5,6,0
664,Scatterbug,bug,,['Shield Dust'; 'Compoundeyes'; 'Friend Guard'],35,70,200,255,40,0.3,38,50,27,25,35,2.5,6,0
665,Spewpa,bug,,['Shed Skin'; 'Friend Guard'],22,70,213,120,60,0.3,45,50,27,30,29,8.4,6,0
666,Vivillon,bug,flying,['Shield Dust'; 'Compoundeyes'; 'Friend Guard'],52,70,411,45,50,1.2,80,50,90,50,89,17,6,0
667,Litleo,fire,normal,['Rivalry'; 'Unnerve'; 'Moxie'],50,70,369,220,58,0.6,62,11.2,73,54,72,13.5,6,0
668,Pyroar,fire,normal,['Rivalry'; 'Unnerve'; 'Moxie'],68,70,507,65,72,1.5,86,11.2,109,66,106,81.5,6,0
669,Flabébé,fairy,,['Flower Veil'; 'Symbiosis'],38,70,303,225,39,0.1,44,0,61,79,42,0.1,6,0
670,Floette,fairy,,['Flower Veil'; 'Symbiosis'],65,70,551,120,67,0.2,74,0,125,128,92,0.9,6,0
671,Florges,fairy,,['Flower Veil'; 'Symbiosis'],65,70,552,45,68,1.1,78,0,112,154,75,10,6,0
672,Skiddo,grass,,['Sap Sipper'; 'Grass Pelt'],65,70,350,200,48,0.9,66,50,62,57,52,31,6,0
673,Gogoat,grass,,['Sap Sipper'; 'Grass Pelt'],100,70,531,45,62,1.7,123,50,97,81,68,91,6,0
674,Pancham,fighting,,['Iron Fist'; 'Mold Breaker'; 'Scrappy'],82,70,348,220,62,0.6,67,50,46,48,43,8,6,0
675,Pangoro,fighting,dark,['Iron Fist'; 'Mold Breaker'; 'Scrappy'],124,70,495,65,78,2.1,95,50,69,71,58,136,6,0
676,Furfrou,normal,,['Fur Coat'],80,70,472,160,60,1.2,75,50,65,90,102,28,6,0
677,Espurr,psychic,,['Keen Eye'; 'Infiltrator'; 'Own Tempo'],48,70,355,190,54,0.3,62,50,63,60,68,3.5,6,0
678,Meowstic,psychic,,['Keen Eye'; 'Infiltrator'; 'Prankster'; 'Competitive'],48,70,466,75,76,0.6,74,50,83,81,104,8.5,6,0
679,Honedge,steel,ghost,['No Guard'],80,70,325,180,100,0.8,45,50,35,37,28,2,6,0
680,Doublade,steel,ghost,['No Guard'],110,70,448,90,150,0.8,59,50,45,49,35,4.5,6,0
681,Aegislash,steel,ghost,['Stance Change'],150,70,520,45,50,1.7,60,50,150,50,60,53,6,0
682,Spritzee,fairy,,['Healer'; 'Aroma Veil'],52,70,341,200,60,0.2,78,50,63,65,23,0.5,6,0
683,Aromatisse,fairy,,['Healer'; 'Aroma Veil'],72,70,462,140,72,0.8,101,50,99,89,29,15.5,6,0
684,Swirlix,fairy,,['Sweet Veil'; 'Unburden'],48,70,341,200,66,0.4,62,50,59,57,49,3.5,6,0
685,Slurpuff,fairy,,['Sweet Veil'; 'Unburden'],80,70,480,140,86,0.8,82,50,85,75,72,5,6,0
686,Inkay,dark,psychic,['Contrary'; 'Suction Cups'; 'Infiltrator'],54,70,288,190,53,0.4,53,50,37,46,45,3.5,6,0
687,Malamar,dark,psychic,['Contrary'; 'Suction Cups'; 'Infiltrator'],92,70,482,80,88,1.5,86,50,68,75,73,47,6,0
688,Binacle,rock,water,['Tough Claws'; 'Sniper'; 'Pickpocket'],52,70,306,120,67,0.5,42,50,39,56,50,31,6,0
689,Barbaracle,rock,water,['Tough Claws'; 'Sniper'; 'Pickpocket'],105,70,500,45,115,1.3,72,50,54,86,68,96,6,0
690,Skrelp,poison,water,['Poison Point'; 'Poison Touch'; 'Adaptability'],60,70,320,225,60,0.5,50,50,60,60,30,7.3,6,0
691,Dragalge,poison,dragon,['Poison Point'; 'Poison Touch'; 'Adaptability'],75,70,494,55,90,1.8,65,50,97,123,44,81.5,6,0
692,Clauncher,water,,['Mega Launcher'],53,70,330,225,62,0.5,50,50,58,63,44,8.3,6,0
693,Clawitzer,water,,['Mega Launcher'],73,70,500,55,88,1.3,71,50,120,89,59,35.3,6,0
694,Helioptile,electric,normal,['Dry Skin'; 'Sand Veil'; 'Solar Power'],38,70,289,190,33,0.5,44,50,61,43,70,6,6,0
695,Heliolisk,electric,normal,['Dry Skin'; 'Sand Veil'; 'Solar Power'],55,70,481,75,52,1,62,50,109,94,109,21,6,0
696,Tyrunt,rock,dragon,['Strong Jaw'; 'Sturdy'],89,70,362,45,77,0.8,58,88.1,45,45,48,26,6,0
697,Tyrantrum,rock,dragon,['Strong Jaw'; 'Rock Head'],121,70,521,45,119,2.5,82,88.1,69,59,71,270,6,0
698,Amaura,rock,ice,['Refrigerate'; 'Snow Warning'],59,70,362,45,50,1.3,77,88.1,67,63,46,25.2,6,0
699,Aurorus,rock,ice,['Refrigerate'; 'Snow Warning'],77,70,521,45,72,2.7,123,88.1,99,92,58,225,6,0
700,Sylveon,fairy,,['Cute Charm'; 'Pixilate'],65,70,525,45,65,1,95,88.1,110,130,60,23.5,6,0
701,Hawlucha,fighting,flying,['Limber'; 'Unburden'; 'Mold Breaker'],92,70,500,100,75,0.8,78,50,74,63,118,21.5,6,0
702,Dedenne,electric,fairy,['Cheek Pouch'; 'Pickup'; 'Plus'],58,70,431,180,57,0.2,67,50,81,67,101,2.2,6,0
703,Carbink,rock,fairy,['Clear Body'; 'Sturdy'],50,70,500,60,150,0.3,50,,50,150,50,5.7,6,0
704,Goomy,dragon,,['Sap Sipper'; 'Hydration'; 'Gooey'],50,35,300,45,35,0.3,45,50,55,75,40,2.8,6,0
705,Sliggoo,dragon,,['Sap Sipper'; 'Hydration'; 'Gooey'],75,35,452,45,53,0.8,68,50,83,113,60,17.5,6,0
706,Goodra,dragon,,['Sap Sipper'; 'Hydration'; 'Gooey'],100,35,600,45,70,2,90,50,110,150,80,150.5,6,0
707,Klefki,steel,fairy,['Prankster'; 'Magician'],80,70,470,75,91,0.2,57,50,80,87,75,3,6,0
708,Phantump,ghost,grass,['Natural Cure'; 'Frisk'; 'Harvest'],70,70,309,120,48,0.4,43,50,50,60,38,7,6,0
709,Trevenant,ghost,grass,['Natural Cure'; 'Frisk'; 'Harvest'],110,70,474,60,76,1.5,85,50,65,82,56,71,6,0
710,Pumpkaboo,ghost,grass,['Pickup'; 'Frisk'; 'Insomnia'],66,70,335,120,70,0.8,59,50,44,55,41,15,6,0
711,Gourgeist,ghost,grass,['Pickup'; 'Frisk'; 'Insomnia'],100,70,494,60,122,1.7,85,50,58,75,54,39,6,0
712,Bergmite,ice,,['Own Tempo'; 'Ice Body'; 'Sturdy'],69,70,304,190,85,1,55,50,32,35,28,99.5,6,0
713,Avalugg,ice,,['Own Tempo'; 'Ice Body'; 'Sturdy'],117,70,514,55,184,2,95,50,44,46,28,505,6,0
714,Noibat,flying,dragon,['Frisk'; 'Infiltrator'; 'Telepathy'],30,70,245,190,35,0.5,40,50,45,40,55,8,6,0
715,Noivern,flying,dragon,['Frisk'; 'Infiltrator'; 'Telepathy'],70,70,535,45,80,1.5,85,50,97,80,123,85,6,0
716,Xerneas,fairy,,['Fairy Aura'],131,0,680,45,95,3,126,,131,98,99,215,6,1
717,Yveltal,dark,flying,['Dark Aura'],131,0,680,45,95,5.8,126,,131,98,99,203,6,1
718,Zygarde,dragon,ground,['Aura Break'; 'Power Construct'],100,0,708,3,121,5,216,,91,95,85,284.6,6,1
719,Diancie,rock,fairy,['Clear Body'],160,70,700,3,110,0.7,50,,160,110,110,8.8,6,1
720,Hoopa,psychic,ghost,['Magician'],160,100,680,3,60,,80,,170,130,80,,6,1
721,Volcanion,fire,water,['Water Absorb'],110,100,600,3,120,1.7,80,,130,90,70,195,6,1
722,Rowlet,grass,flying,['Overgrow'; 'Long Reach'],55,70,320,45,55,0.3,68,88.1,50,50,42,1.5,7,0
723,Dartrix,grass,flying,['Overgrow'; 'Long Reach'],75,70,420,45,75,0.7,78,88.1,70,70,52,16,7,0
724,Decidueye,grass,ghost,['Overgrow'; 'Long Reach'],107,70,530,45,75,1.6,78,88.1,100,100,70,36.6,7,0
725,Litten,fire,,['Blaze'; 'Intimidate'],65,70,320,45,40,0.4,45,88.1,60,40,70,4.3,7,0
726,Torracat,fire,,['Blaze'; 'Intimidate'],85,70,420,45,50,0.7,65,88.1,80,50,90,25,7,0
727,Incineroar,fire,dark,['Blaze'; 'Intimidate'],115,70,530,45,90,1.8,95,88.1,80,90,60,83,7,0
728,Popplio,water,,['Torrent'; 'Liquid Voice'],54,70,320,45,54,0.4,50,88.1,66,56,40,7.5,7,0
729,Brionne,water,,['Torrent'; 'Liquid Voice'],69,70,420,45,69,0.6,60,88.1,91,81,50,17.5,7,0
730,Primarina,water,fairy,['Torrent'; 'Liquid Voice'],74,70,530,45,74,1.8,80,88.1,126,116,60,44,7,0
731,Pikipek,normal,flying,['Keen Eye'; 'Skill Link'; 'Pickup'],75,70,265,255,30,0.3,35,50,30,30,65,1.2,7,0
732,Trumbeak,normal,flying,['Keen Eye'; 'Skill Link'; 'Pickup'],85,70,355,120,50,0.6,55,50,40,50,75,14.8,7,0
733,Toucannon,normal,flying,['Keen Eye'; 'Skill Link'; 'Sheer Force'],120,70,485,45,75,1.1,80,50,75,75,60,26,7,0
734,Yungoos,normal,,['Stakeout'; 'Strong Jaw'; 'Adaptability'],70,70,253,255,30,0.4,48,50,30,30,45,6,7,0
735,Gumshoos,normal,,['Stakeout'; 'Strong Jaw'; 'Adaptability'],110,70,418,127,60,0.7,88,50,55,60,45,14.2,7,0
736,Grubbin,bug,,['Swarm'],62,70,300,255,45,0.4,47,50,55,45,46,4.4,7,0
737,Charjabug,bug,electric,['Battery'],82,70,400,120,95,0.5,57,50,55,75,36,10.5,7,0
738,Vikavolt,bug,electric,['Levitate'],70,70,500,45,90,1.5,77,50,145,75,43,45,7,0
739,Crabrawler,fighting,,['Hyper Cutter'; 'Iron Fist'; 'Anger Point'],82,70,338,225,57,0.6,47,50,42,47,63,7,7,0
740,Crabominable,fighting,ice,['Hyper Cutter'; 'Iron Fist'; 'Anger Point'],132,70,478,60,77,1.7,97,50,62,67,43,180,7,0
741,Oricorio,fire,flying,['Dancer'],70,70,476,45,70,0.6,75,24.6,98,70,93,3.4,7,0
742,Cutiefly,bug,fairy,['Honey Gather'; 'Shield Dust'; 'Sweet Veil'],45,70,304,190,40,0.1,40,50,55,40,84,0.2,7,0
743,Ribombee,bug,fairy,['Honey Gather'; 'Shield Dust'; 'Sweet Veil'],55,70,464,75,60,0.2,60,50,95,70,124,0.5,7,0
744,Rockruff,rock,,['Keen Eye'; 'Vital Spirit'; 'Steadfast'],65,70,280,190,40,0.5,45,50,30,40,60,9.2,7,0
745,Lycanroc,rock,,['Keen Eye'; 'Sand Rush'; 'Steadfast'; 'Keen Eye'; 'Vital Spirit'; 'No Guard'],115,70,487,90,75,,85,50,55,75,82,,7,0
746,Wishiwashi,water,,['Schooling'],140,70,620,60,130,0.2,45,50,140,135,30,0.3,7,0
747,Mareanie,poison,water,['Merciless'; 'Limber'; 'Regenerator'],53,70,305,190,62,0.4,50,50,43,52,45,8,7,0
748,Toxapex,poison,water,['Merciless'; 'Limber'; 'Regenerator'],63,70,495,75,152,0.7,50,50,53,142,35,14.5,7,0
749,Mudbray,ground,,['Own Tempo'; 'Stamina'; 'Inner Focus'],100,70,385,190,70,1,70,50,45,55,45,110,7,0
750,Mudsdale,ground,,['Own Tempo'; 'Stamina'; 'Inner Focus'],125,70,500,60,100,2.5,100,50,55,85,35,920,7,0
751,Dewpider,water,bug,['Water Bubble'; 'Water Absorb'],40,70,269,200,52,0.3,38,50,40,72,27,4,7,0
752,Araquanid,water,bug,['Water Bubble'; 'Water Absorb'],70,70,454,100,92,1.8,68,50,50,132,42,82,7,0
753,Fomantis,grass,,['Leaf Guard'; 'Contrary'],55,70,250,190,35,0.3,40,50,50,35,35,1.5,7,0
754,Lurantis,grass,,['Leaf Guard'; 'Contrary'],105,70,480,75,90,0.9,70,50,80,90,45,18.5,7,0
755,Morelull,grass,fairy,['Illuminate'; 'Effect Spore'; 'Rain Dish'],35,70,285,190,55,0.2,40,50,65,75,15,1.5,7,0
756,Shiinotic,grass,fairy,['Illuminate'; 'Effect Spore'; 'Rain Dish'],45,70,405,75,80,1,60,50,90,100,30,11.5,7,0
757,Salandit,poison,fire,['Corrosion'; 'Oblivious'],44,70,320,120,40,0.6,48,88.1,71,40,77,4.8,7,0
758,Salazzle,poison,fire,['Corrosion'; 'Oblivious'],64,70,480,45,60,1.2,68,0,111,60,117,22.2,7,0
759,Stufful,normal,fighting,['Fluffy'; 'Klutz'; 'Cute Charm'],75,70,340,140,50,0.5,70,50,45,50,50,6.8,7,0
760,Bewear,normal,fighting,['Fluffy'; 'Klutz'; 'Unnerve'],125,70,500,70,80,2.1,120,50,55,60,60,135,7,0
761,Bounsweet,grass,,['Leaf Guard'; 'Oblivious'; 'Sweet Veil'],30,70,210,235,38,0.3,42,0,30,38,32,3.2,7,0
762,Steenee,grass,,['Leaf Guard'; 'Oblivious'; 'Sweet Veil'],40,70,290,120,48,0.7,52,0,40,48,62,8.2,7,0
763,Tsareena,grass,,['Leaf Guard'; 'Queenly Majesty'; 'Sweet Veil'],120,70,510,45,98,1.2,72,0,50,98,72,21.4,7,0
764,Comfey,fairy,,['Flower Veil'; 'Triage'; 'Natural Cure'],52,70,485,60,90,0.1,51,24.6,82,110,100,0.3,7,0
765,Oranguru,normal,psychic,['Inner Focus'; 'Telepathy'; 'Symbiosis'],60,70,490,45,80,1.5,90,50,90,110,60,76,7,0
766,Passimian,fighting,,['Receiver'; 'Defiant'],120,70,490,45,90,2,100,50,40,60,80,82.8,7,0
767,Wimpod,bug,water,['Wimp Out'],35,70,230,90,40,0.5,25,50,20,30,80,12,7,0
768,Golisopod,bug,water,['Emergency Exit'],125,70,530,45,140,2,75,50,60,90,40,108,7,0
769,Sandygast,ghost,ground,['Water Compaction'; 'Sand Veil'],55,70,320,140,80,0.5,55,50,70,45,15,70,7,0
770,Palossand,ghost,ground,['Water Compaction'; 'Sand Veil'],75,70,480,60,110,1.3,85,50,100,75,35,250,7,0
771,Pyukumuku,water,,['Innards Out'; 'Unaware'],60,70,410,60,130,0.3,55,50,30,130,5,1.2,7,0
772,Type: Null,normal,,['Battle Armor'],95,0,534,3,95,1.9,95,,95,95,59,120.5,7,0
773,Silvally,normal,,['RKS System'],95,0,570,3,95,2.3,95,,95,95,95,100.5,7,0
774,Minior,rock,flying,['Shields Down'],100,70,500,30 (Meteorite)255 (Core),60,0.3,60,,100,60,120,40,7,0
775,Komala,normal,,['Comatose'],115,70,480,45,65,0.4,65,50,75,95,65,19.9,7,0
776,Turtonator,fire,dragon,['Shell Armor'],78,70,485,70,135,2,60,50,91,85,36,212,7,0
777,Togedemaru,electric,steel,['Iron Barbs'; 'Lightningrod'; 'Sturdy'],98,70,435,180,63,0.3,65,50,40,73,96,3.3,7,0
778,Mimikyu,ghost,fairy,['Disguise'],90,70,476,45,80,0.2,55,50,50,105,96,0.7,7,0
779,Bruxish,water,psychic,['Dazzling'; 'Strong Jaw'; 'Wonder Skin '],105,70,475,80,70,0.9,68,50,70,70,92,19,7,0
780,Drampa,normal,dragon,['Berserk'; 'Sap Sipper'; 'Cloud Nine'],60,70,485,70,85,3,78,50,135,91,36,185,7,0
781,Dhelmise,ghost,grass,['Steelworker'],131,70,517,25,100,3.9,70,,86,90,40,210,7,0
782,Jangmo-o,dragon,,['Bulletproof'; 'Soundproof'; 'Overcoat'],55,70,300,45,65,0.6,45,50,45,45,45,29.7,7,0
783,Hakamo-o,dragon,fighting,['Bulletproof'; 'Soundproof'; 'Overcoat'],75,70,420,45,90,1.2,55,50,65,70,65,47,7,0
784,Kommo-o,dragon,fighting,['Bulletproof'; 'Soundproof'; 'Overcoat'],110,70,600,45,125,1.6,75,50,100,105,85,78.2,7,0
785,Tapu Koko,electric,fairy,['Electric Surge'; 'Telepathy'],115,70,570,3,85,1.8,70,,95,75,130,20.5,7,1
786,Tapu Lele,psychic,fairy,['Psychic Surge'; 'Telepathy'],85,70,570,3,75,1.2,70,,130,115,95,18.6,7,1
787,Tapu Bulu,grass,fairy,['Grassy Surge'; 'Telepathy'],130,70,570,3,115,1.9,70,,85,95,75,45.5,7,1
788,Tapu Fini,water,fairy,['Misty Surge'; 'Telepathy'],75,70,570,3,115,1.3,70,,95,130,85,21.2,7,1
789,Cosmog,psychic,,['Unaware'],29,0,200,45,31,0.2,43,,29,31,37,0.1,7,1
790,Cosmoem,psychic,,['Sturdy'],29,0,400,45,131,0.1,43,,29,131,37,999.9,7,1
791,Solgaleo,psychic,steel,['Full Metal Body'],137,0,680,45,107,3.4,137,,113,89,97,230,7,1
792,Lunala,psychic,ghost,['Shadow Shield'],113,0,680,45,89,4,137,,137,107,97,120,7,1
793,Nihilego,rock,poison,['Beast Boost'],53,0,570,45,47,1.2,109,,127,131,103,55.5,7,1
794,Buzzwole,bug,fighting,['Beast Boost'],139,0,570,25,139,2.4,107,,53,53,79,333.6,7,1
795,Pheromosa,bug,fighting,['Beast Boost'],137,0,570,255,37,1.8,71,,137,37,151,25,7,1
796,Xurkitree,electric,,['Beast Boost'],89,0,570,30,71,3.8,83,,173,71,83,100,7,1
797,Celesteela,steel,flying,['Beast Boost'],101,0,570,25,103,9.2,97,,107,101,61,999.9,7,1
798,Kartana,grass,steel,['Beast Boost'],181,0,570,255,131,0.3,59,,59,31,109,0.1,7,1
799,Guzzlord,dark,dragon,['Beast Boost'],101,0,570,15,53,5.5,223,,97,53,43,888,7,1
800,Necrozma,psychic,,['Prism Armor'],107,0,600,3,101,2.4,97,,127,89,79,230,7,1
801,Magearna,steel,fairy,['Soul-Heart'],95,0,600,3,115,1,80,,130,115,65,80.5,7,1
